0.3043911	-0.38367453	0.41363963	0.39181122	0.3911346	-0.46077237	0.3856018	-0.40512708
0.35572276	-0.30521265	0.2993553	0.35565707	0.34415856	-0.35432	0.29367417	-0.29388502
-0.4668564	0.4635112	-0.3700735	-0.25726524	-0.3899786	0.33243746	-0.40189517	0.379375
-0.13410918	-0.035495546	0.015969628	0.050111588	0.035975922	-0.025260124	0.04801734	0.007617855
0.071680665	0.04413417	0.021665663	0.020928344	0.021867953	-0.05661938	-0.05089189	-0.037613135
0.9412668	-0.9846687	0.91377556	0.8909422	0.90518135	-0.9284123	0.96760774	-0.8342502
-0.30764848	0.21561979	-0.1966837	-0.20297197	-0.20083237	0.15644555	-0.22103602	0.19200015
0.11258014	-0.17873451	0.181029	0.19649026	0.21230765	-0.18260904	0.23477	-0.23999725
0.8007224	-0.64812106	0.6436421	0.6057534	0.67875683	-0.6871334	0.60394865	-0.50479585
1.4773321	-1.4629359	1.2469553	1.0779827	1.2611092	-1.2671213	1.3198719	-1.1000777
0.62066185	-0.59817237	0.6332568	0.590658	0.5991141	-0.687106	0.6502785	-0.6034174
-1.0348308	1.0192721	-0.9515214	-0.81388456	-0.9219484	0.8692087	-0.9722358	0.91152513
-0.2768222	0.2625343	-0.14097093	-0.13952246	-0.15678245	0.16306509	-0.18865258	0.11034221
0.2977419	-0.21416548	0.21318364	0.2209823	0.24631017	-0.22582093	0.27951473	-0.19601084
0.09365814	-0.052806474	0.1722255	0.19769289	0.16441728	-0.1735422	0.121567115	-0.08210512
-0.20295992	0.15795757	-0.10160332	-0.039406054	-0.09008433	0.12220128	-0.09079405	0.062106054
1.364085	-1.2954751	1.1365901	1.0145972	1.1617166	-1.207055	1.2173309	-1.0137367
-0.11588343	0.11757101	-0.078220524	-0.053768653	-0.09411317	0.11677801	-0.14685927	0.04351267
0.19344041	-0.12555961	0.20380312	0.20079686	0.17108487	-0.20157188	0.12965827	-0.16437727
-0.822358	0.7432094	-0.61946964	-0.5846288	-0.659099	0.6557108	-0.6954748	0.6112076
0.32722557	-0.2952477	0.3467831	0.35518226	0.36617172	-0.3041493	0.30443037	-0.33817688
0.40964967	-0.42244884	0.4950921	0.4660507	0.43308654	-0.47112384	0.47805113	-0.44525275
0.14925382	-0.067557484	0.13608164	0.1644717	0.18991017	-0.1911903	0.13481858	-0.20560803
-1.159565	1.1713113	-1.0603977	-0.88595104	-1.0342531	1.0258145	-1.1394383	1.0063851
-0.20564978	0.13696827	-0.08116081	-0.02130092	-0.14440481	0.11964955	-0.099403575	0.09607647
1.1336837	-1.0251901	0.9025915	0.9060862	0.9745186	-0.9249766	0.9413075	-0.91179526
1.2123102	-1.0547625	0.90750664	0.77498156	0.97911686	-0.9264768	1.0196353	-0.76652795
-0.8958236	0.84901845	-0.82646275	-0.6718776	-0.8250534	0.7349292	-0.80680364	0.81251234
-0.91823167	0.90763354	-0.79417205	-0.74694824	-0.8268058	0.8557066	-0.84344906	0.7510499
1.1390598	-1.0232397	0.96787745	0.861184	1.0230293	-1.0375868	1.0591109	-0.84238166
-0.19837517	0.17746241	-0.081037305	-0.038785554	-0.090717115	0.08749467	-0.08428156	0.059084423
1.0086749	-0.94120777	0.9036264	0.830006	0.9230149	-0.86204267	0.8912236	-0.78154206
-0.8256838	0.7110276	-0.6839802	-0.62959284	-0.7476599	0.70875436	-0.77862334	0.70962346
-0.9137461	0.84916	-0.731297	-0.6845316	-0.7456137	0.7225883	-0.8049573	0.71570385
0.37651908	-0.34869236	0.39317843	0.34791747	0.3902103	-0.40144658	0.33574274	-0.36149183
-0.2766354	0.23551278	-0.1327222	-0.098007776	-0.18802175	0.163541	-0.17984565	0.15410262
-1.0443199	1.0084872	-1.000654	-0.8838206	-0.94484246	0.9861602	-1.0389302	0.8848301
-0.37830102	0.33049905	-0.2902359	-0.25844193	-0.28400669	0.2811045	-0.3044107	0.3351858
0.47471696	-0.50373954	0.45590657	0.4590477	0.4664205	-0.5156483	0.4964144	-0.44535163
1.3741856	-1.22598	1.0342624	0.89894736	1.1222454	-1.121746	1.1355019	-0.9888508
0.7035304	-0.6656089	0.6758003	0.5820345	0.679699	-0.65415084	0.6865687	-0.5998676
1.2060467	-1.1543157	0.904755	0.78570575	0.94613373	-0.94509774	1.0243495	-0.85074633
0.16959223	-0.15788072	0.22093697	0.21904486	0.17049588	-0.11469706	0.11499728	-0.19955206
-0.029600391	0.042248573	0.0069660847	0.023848658	0.010464004	-0.023489138	0.06299243	-0.044431053
1.0266626	-0.9398749	0.76181287	0.6394172	0.8612236	-0.83768713	0.81178504	-0.6666028
0.6085108	-0.653675	0.60062087	0.5844752	0.66904974	-0.58870417	0.60282904	-0.57558006
0.016046003	0.012598452	0.029058304	0.03629807	0.0940308	-0.050654598	0.057057995	0.00516897
-1.0567119	0.9113765	-0.8664855	-0.73480403	-0.87154853	0.83276314	-0.92034096	0.8101962
-0.5736635	0.6209549	-0.5323019	-0.49435458	-0.48288533	0.4936733	-0.5373195	0.44794992
0.14513749	-0.08818536	0.15961322	0.17476273	0.22247869	-0.16408828	0.18676639	-0.14381437
-0.092426814	0.18921706	-0.06454481	-0.05801539	-0.09375233	0.084180914	-0.10183971	0.099874556
0.0701907	-0.16005231	0.15184608	0.0955973	0.056457307	-0.13629395	0.16730839	-0.073270746
0.7741113	-0.65936637	0.6214856	0.52510417	0.5827888	-0.6250133	0.61793804	-0.5925096
0.08486535	0.017257355	0.026066082	0.0019622275	0.02690546	-0.0016681909	0.008865536	-0.007098492
0.7333709	-0.75118005	0.68492526	0.66251504	0.75136775	-0.6853748	0.7152384	-0.5944622
0.44501048	-0.43183953	0.4207798	0.33730984	0.376632	-0.41158116	0.35146663	-0.41127938
-0.055807173	0.042597532	0.08456492	0.029973526	0.07862897	-0.014493811	0.047304686	-0.006592068
1.0717851	-1.0119126	0.8077589	0.7728716	0.85856724	-0.9060324	0.87781477	-0.7276029
0.6679185	-0.61384076	0.66766226	0.5796466	0.6625303	-0.66550684	0.66443473	-0.67371273
1.1831248	-1.0889786	0.9896899	0.9192147	1.0447121	-1.0164738	1.1111847	-0.9273013
-0.8414764	0.8001311	-0.7808243	-0.74911994	-0.78257823	0.7975606	-0.78034616	0.70935035
-0.28891703	0.2642872	-0.22761509	-0.19261405	-0.19401774	0.2714652	-0.26387846	0.18272547
0.033509284	-0.006672563	0.056008093	0.07306001	0.043208905	-0.0152381975	0.07965079	-0.08687426
0.46082917	-0.36990163	0.3811589	0.38731006	0.31691664	-0.39686704	0.29143816	-0.34681404
-0.10764785	0.10695816	-0.030975433	-0.0017053935	-0.04169976	0.1281821	-0.116464004	0.06031691
1.2668127	-1.1900227	1.092843	0.8598906	1.1207093	-1.0981026	1.0699936	-0.9118024
0.12869918	-0.14452083	0.11899985	0.16978347	0.19318068	-0.17500637	0.17787725	-0.16256441
-0.18993807	0.11779673	-0.09262592	-0.05435535	-0.15286762	0.14301354	-0.1354608	0.042303078
-0.889667	0.7569963	-0.7299588	-0.6844363	-0.7434857	0.74620974	-0.7789547	0.66790354
0.59405726	-0.5082127	0.5258045	0.52673703	0.559476	-0.5509447	0.5416756	-0.47418362
-0.8315956	0.79583424	-0.6726003	-0.6170044	-0.69283646	0.66320646	-0.77302873	0.65594053
0.22703546	-0.18663895	0.2745488	0.24459454	0.21755812	-0.26049525	0.19112335	-0.23379238
0.13435324	-0.17492314	0.18580714	0.2064569	0.17853403	-0.24396375	0.23454979	-0.1944579
0.2875372	-0.27169576	0.29447818	0.26556048	0.32807168	-0.2785542	0.28582746	-0.29732633
0.4148223	-0.5285038	0.51704353	0.3933027	0.49415988	-0.5229051	0.5274423	-0.47147992
1.0109669	-0.9750969	0.90266114	0.719605	0.940051	-0.93559897	0.9584662	-0.7783145
-0.7412139	0.7374914	-0.7327421	-0.61955893	-0.67122376	0.67886555	-0.7066762	0.6918728
0.3573703	-0.33040988	0.37357545	0.3435658	0.40448847	-0.35218644	0.38435617	-0.30085763
-0.6986247	0.6723484	-0.6668569	-0.5261108	-0.6233397	0.57037985	-0.63574225	0.56726867
-0.16638026	0.12335545	-0.12712479	-0.07761404	-0.0639999	0.09617897	-0.13269189	0.048233125
1.0208633	-1.0030792	0.88308054	0.7960061	0.85229737	-0.8815593	0.96121174	-0.7689606
-0.41378957	0.40775797	-0.3256847	-0.23325278	-0.34360898	0.33152696	-0.3396055	0.32387474
1.2631894	-1.1726385	0.9706191	0.80518675	1.0536257	-1.0638316	1.0521584	-0.87245715
-0.53809094	0.48090214	-0.43304667	-0.4033518	-0.39911702	0.4181832	-0.4665603	0.3666132
0.37407556	-0.3191599	0.26272663	0.2752626	0.33413333	-0.34026885	0.31902605	-0.31961367
0.92322993	-0.85637033	0.7770154	0.71484244	0.80504674	-0.78612447	0.7219616	-0.7182235
0.18012422	-0.1960988	0.18432991	0.13320512	0.18394485	-0.17754135	0.18048815	-0.119188115
-1.2075177	1.0852934	-1.0517683	-0.9661708	-1.0652645	1.0242386	-1.0788412	1.0786636
0.85898924	-0.7821831	0.60632277	0.50982136	0.72999406	-0.740894	0.73477274	-0.63819104
-0.7798303	0.7158423	-0.6880623	-0.596998	-0.67709994	0.595718	-0.6971291	0.61065614
0.18435338	-0.21593024	0.31148267	0.29822612	0.26306185	-0.22068669	0.28622085	-0.2635452
-0.47112036	0.40436813	-0.36356035	-0.37551308	-0.43909937	0.345143	-0.41925806	0.37396517
-0.27322295	0.23901981	-0.18028098	-0.15461458	-0.1814817	0.22364639	-0.24182986	0.23464888
1.2464087	-1.1082832	1.0071282	0.89605665	1.0193192	-1.0153509	1.0800111	-0.966037
0.098832	-0.109569244	0.16822538	0.104569934	0.119635575	-0.13357171	0.14330219	-0.15648973
-0.9993035	0.90551275	-0.8695147	-0.7452285	-0.84791684	0.85270786	-0.9362816	0.8152051
-0.17605044	0.14826252	-0.06678864	-0.06650748	-0.13202114	0.12595563	-0.09372548	0.07288493
1.1369799	-1.0018222	0.95345	0.74522173	0.94503516	-0.90659523	0.98857886	-0.7988959
1.1134896	-1.0439533	0.8321816	0.747212	0.88629496	-0.8405853	0.8515992	-0.76148295
0.82255757	-0.7371797	0.6238137	0.57667696	0.65170753	-0.6904703	0.6264818	-0.57364494
0.17886546	-0.074473344	0.13040061	0.14017305	0.119905695	-0.11642473	0.17591687	-0.18382104
1.2016091	-1.1455157	1.0356776	0.8522331	1.03415	-1.0420501	1.0715919	-0.9057857
-0.6202022	0.5797867	-0.5231944	-0.43634632	-0.62338936	0.51385224	-0.5772264	0.5015748
-0.2324348	0.16996302	-0.15102172	-0.1073892	-0.13618204	0.06873427	-0.19198774	0.09775323
1.089238	-0.9643929	0.8451971	0.68488264	0.86514044	-0.86915505	0.807583	-0.77449167
-0.8653869	0.74984133	-0.75449955	-0.59100014	-0.74586236	0.6989718	-0.80075425	0.6411352
-0.25162676	0.20209964	-0.19811954	-0.13716725	-0.21646295	0.21063234	-0.2008388	0.20112951
-1.0030521	0.9708748	-0.8587924	-0.78733987	-0.9209068	0.8939002	-0.91874635	0.86044717
-0.3641315	0.38505015	-0.3316128	-0.3306488	-0.31461194	0.34967315	-0.40942425	0.31095323
0.23232803	-0.1825607	0.22459623	0.22550194	0.19779645	-0.18536234	0.29437158	-0.19773634
0.6371206	-0.64375263	0.5607664	0.56108665	0.6347168	-0.54935116	0.5918458	-0.5789205
0.67891055	-0.6390358	0.64197105	0.5447117	0.6589759	-0.55470157	0.6731123	-0.5665349
0.18561335	-0.21198067	0.19848122	0.19648075	0.24876383	-0.27066964	0.21950509	-0.19953868
0.68152004	-0.70013785	0.6007074	0.57954425	0.6375442	-0.66991466	0.6674076	-0.63774604
-0.894815	0.85423356	-0.7915629	-0.76583356	-0.84421235	0.8240957	-0.8467227	0.7864587
1.1530399	-1.1081042	0.93489754	0.8031592	1.012323	-0.9825712	1.0785308	-0.87432796
-0.9354404	0.8831912	-0.89345455	-0.7575115	-0.8988753	0.86671656	-0.8851011	0.88192713
-0.53171796	0.42666122	-0.4053074	-0.35086346	-0.4545762	0.4292666	-0.46559298	0.37950772
0.9593419	-0.9261098	0.7927653	0.67060643	0.7971159	-0.8179428	0.8972699	-0.7489231
-0.041827064	-0.021054383	0.03828299	0.038772125	0.07927473	0.0015014979	0.023092901	-0.02402167
-0.31917027	0.21302462	-0.18410674	-0.13165943	-0.24749915	0.17128986	-0.21729352	0.19723126
1.209265	-1.1361587	0.98754394	0.85774076	1.0026039	-0.9885614	1.0146372	-0.85952747
0.8945192	-0.8313387	0.5987024	0.6009885	0.7336943	-0.7124727	0.7141699	-0.6430154
0.71974915	-0.58273274	0.4723856	0.42303148	0.55438983	-0.55085766	0.5472539	-0.4744277
0.55807406	-0.5666889	0.52961254	0.45365903	0.5417543	-0.533509	0.5697284	-0.45796743
0.30830094	-0.24451005	0.2336918	0.23783825	0.29586747	-0.32718462	0.25402308	-0.27955315
-0.030645084	0.08141134	0.004858099	0.02433659	0.019340526	0.062390026	-0.07764269	0.056867745
-0.58404845	0.54027665	-0.44566664	-0.4167943	-0.49553728	0.45117268	-0.4835518	0.43058246
0.8821165	-0.81827706	0.6971577	0.6045231	0.6508933	-0.6821547	0.6871797	-0.6352035
0.8729171	-0.7695576	0.60483325	0.5821526	0.718891	-0.69870967	0.7246459	-0.59226966
0.21001582	-0.21946551	0.24792756	0.25783053	0.22150838	-0.27160618	0.22494212	-0.21527164
0.89580023	-0.78160685	0.6346742	0.559236	0.6997995	-0.6700124	0.74355114	-0.5830081
0.43516096	-0.49939656	0.52123034	0.48423663	0.45634702	-0.41678226	0.5385566	-0.45880216
0.80143744	-0.76125735	0.7691265	0.72172034	0.809174	-0.80925405	0.7799803	-0.7969057
0.2953263	-0.28140664	0.35103512	0.32256195	0.3279072	-0.2857943	0.3352291	-0.31568158
-0.18211545	0.12078206	-0.09788623	-0.08989342	-0.09166934	0.073230766	-0.13767731	0.022543993
-0.7111163	0.5933424	-0.5692047	-0.46972194	-0.6496583	0.55091774	-0.6362492	0.5771447
0.6590291	-0.7421959	0.5951799	0.55168074	0.69751096	-0.6386749	0.6380361	-0.6159546
-0.43707004	0.41368842	-0.3531788	-0.38834354	-0.4571907	0.43241817	-0.41106927	0.34647426
-0.7146307	0.6185845	-0.57036436	-0.51399946	-0.5989197	0.56425637	-0.6387254	0.5665318
1.1523098	-1.0978879	0.9462842	0.8876179	0.9925384	-1.0228205	0.98173046	-0.90036494
1.0079275	-1.0160228	0.867389	0.843806	0.9043793	-0.95287573	0.9801901	-0.8551227
0.7582509	-0.7061276	0.558635	0.53417873	0.59532934	-0.62033486	0.5682336	-0.56065273
-0.10844366	0.118021525	-0.10135164	-0.12854554	-0.08489195	0.09941032	-0.1353405	0.07633367
-0.24116802	0.3512058	-0.24151736	-0.25641882	-0.26019096	0.2978789	-0.32121602	0.28957418
1.0330967	-0.94564384	0.9021008	0.7376976	0.9065781	-0.8924271	0.9389771	-0.85947174
0.21677533	-0.090720385	0.17468435	0.17609377	0.18043937	-0.1458564	0.19225754	-0.091171004
0.91651374	-0.88924885	0.8060491	0.7354781	0.8402462	-0.84411377	0.790263	-0.7254863
1.0088168	-0.89225626	0.8135816	0.631946	0.8602579	-0.783379	0.87278134	-0.65329313
-0.07618161	0.07601028	-0.107208125	-0.032163545	-0.015728693	0.036960483	-0.06905278	0.10436376
0.99906725	-0.95035005	0.8029981	0.71834236	0.8853397	-0.8219729	0.8766373	-0.73885536
-0.4475525	0.35388887	-0.3367274	-0.30643615	-0.3842281	0.33329535	-0.29504675	0.327306
-0.42035118	0.4468655	-0.33234847	-0.30564073	-0.3844372	0.32973507	-0.37299982	0.3719061
0.050775934	0.015870942	0.08843968	0.06087899	0.10212333	-0.012210513	0.019016378	0.029261159
0.63458794	-0.5869534	0.48963308	0.49801219	0.5711971	-0.55817306	0.57883203	-0.4496411
-0.6365416	0.5301818	-0.4446425	-0.46797523	-0.53807414	0.50915545	-0.47395253	0.49706176
-0.64178073	0.55907565	-0.54392624	-0.47917584	-0.5395564	0.5225234	-0.5872998	0.49683654
0.43794975	-0.48250598	0.50021136	0.45851845	0.43840143	-0.47453842	0.47964865	-0.43919864
-0.3981096	0.38741314	-0.2828292	-0.3171545	-0.34720594	0.3555064	-0.3513207	0.29224104
0.84038365	-0.78550035	0.75585854	0.64193743	0.7444329	-0.6969017	0.7926277	-0.66291195
1.0637954	-1.0773685	0.9193884	0.768988	0.9006537	-0.909712	0.9233177	-0.83323175
0.28386858	-0.33546084	0.27678213	0.29907355	0.31398845	-0.31998065	0.27778468	-0.23996827
0.87959176	-0.82827914	0.75015706	0.67506725	0.7510431	-0.7369871	0.8160218	-0.71738565
0.94921154	-0.8510408	0.7963276	0.6287558	0.824169	-0.83566195	0.8421666	-0.68475354
-0.58428836	0.5480972	-0.519042	-0.435249	-0.5300896	0.46887094	-0.56768745	0.43267152
-0.5807651	0.50090593	-0.5120695	-0.46656477	-0.48229933	0.47394896	-0.537685	0.44437495
0.31733975	-0.30366826	0.3094484	0.31839243	0.32527214	-0.3193766	0.30504295	-0.33093196
0.18770331	-0.2059101	0.21074453	0.1822913	0.18100438	-0.21828955	0.21673952	-0.14048289
-0.61303186	0.64707905	-0.5075393	-0.45540574	-0.5572396	0.6107179	-0.62416446	0.55523
0.05529414	-0.049794197	0.034945738	0.016363148	0.0173329	-0.059578557	0.005595357	0.00047068813
1.0122831	-0.94091487	0.85826313	0.6906489	0.85890734	-0.8023682	0.85264856	-0.72296184
-0.27626926	0.36531162	-0.28986707	-0.2500536	-0.29127246	0.27249587	-0.3026459	0.34319013
-0.5402519	0.55084395	-0.47696486	-0.39819416	-0.50474584	0.5092906	-0.5281043	0.44564867
-0.08484793	0.070623584	-0.044563048	-0.03763133	-0.030051246	0.036538307	-0.018132577	0.051625997
-0.93133885	0.9145823	-0.82812893	-0.79068047	-0.89283794	0.81645197	-0.8703566	0.7825417
-0.19092743	0.07300248	-0.08943253	-0.023404552	-0.12515815	0.04190643	-0.07662361	0.0057237493
0.83306146	-0.7342878	0.64581203	0.53402245	0.64017236	-0.6462546	0.67983615	-0.49962047
-0.117597036	0.13380732	-0.08542737	-0.07222291	-0.037243918	0.0346298	-0.10158323	0.08252817
-0.3223033	0.3265044	-0.27127498	-0.2954702	-0.31191954	0.26584375	-0.359185	0.31806228
0.67379785	-0.58045435	0.50448406	0.5104617	0.5167293	-0.5264778	0.5228041	-0.50443214
-0.30576983	0.21260557	-0.17918423	-0.2124337	-0.23778377	0.17322451	-0.18161352	0.20485601
-0.01502319	0.013837365	0.009690514	0.011896772	-0.012502796	0.044281363	-0.023522612	0.041919883
-0.16026354	0.23011874	-0.15183908	-0.1705107	-0.11419946	0.1289727	-0.16080676	0.13538562
0.34682873	-0.40999058	0.32016453	0.31922323	0.33045033	-0.40970513	0.40659645	-0.34133705
0.12827097	-0.06312122	0.05344214	0.0442517	0.11676959	-0.11717927	0.06114938	-0.08568583
1.0136088	-0.96805185	0.799464	0.7109589	0.8229339	-0.8275339	0.8893823	-0.752357
0.29235595	-0.2718773	0.25366703	0.32844892	0.28880477	-0.3051977	0.3513792	-0.24544589
-0.22535491	0.21958435	-0.16165267	-0.17356406	-0.15798117	0.16555911	-0.17420486	0.12903798
-1.0227363	1.0027207	-0.8587261	-0.79831237	-0.9036509	0.8546456	-0.91643804	0.86969423
-0.32172966	0.29370156	-0.23415828	-0.22456266	-0.23926948	0.20084932	-0.20656687	0.19411683
1.0039339	-0.948987	0.880547	0.71778846	0.9551552	-0.8679026	0.8800465	-0.78781617
0.09335713	-0.07129429	0.10104595	0.07245193	0.078809574	-0.053260256	0.12869923	-0.080859475
0.6725539	-0.6458895	0.64824873	0.5624216	0.66196245	-0.65162534	0.6993655	-0.5124254
0.71253663	-0.7080413	0.6242221	0.48481733	0.6459585	-0.6289725	0.62006724	-0.5736355
-0.8809684	0.8619048	-0.8252284	-0.69245154	-0.78086066	0.7258374	-0.8473489	0.71973085
-0.08139283	-0.039881766	0.059719224	0.026436144	0.049800597	-6.652927e-05	0.0096983295	0.026213545
-0.37874487	0.36632124	-0.2937292	-0.30546662	-0.31045967	0.31021917	-0.37087673	0.28562382
-0.2575308	0.23474222	-0.14842205	-0.23453434	-0.24104266	0.16180786	-0.21346585	0.20674883
-0.5446206	0.5315839	-0.5032018	-0.40732694	-0.5427937	0.44809484	-0.5216305	0.43404743
0.8423612	-0.8426955	0.751526	0.6448833	0.78117585	-0.71899474	0.78405195	-0.62431
0.51880217	-0.58381724	0.51131314	0.4713172	0.5293541	-0.55495006	0.5238911	-0.47007176
-0.7880303	0.709713	-0.57688564	-0.50867194	-0.6403616	0.56527805	-0.64819974	0.5243265
0.5707609	-0.54550713	0.56661046	0.4812655	0.53484356	-0.49955523	0.55175936	-0.53437614
-0.52839136	0.43561974	-0.37092888	-0.35412234	-0.3967576	0.41558295	-0.42388257	0.39959776
-0.57889986	0.59911186	-0.55741614	-0.4380747	-0.52489287	0.5640318	-0.5901596	0.5627188
-0.44961867	0.41876185	-0.3294373	-0.33947176	-0.40956426	0.36330482	-0.41747	0.3442369
0.50568753	-0.5679122	0.45617017	0.3952447	0.46946314	-0.45758066	0.51421446	-0.45213786
-0.8140835	0.721883	-0.66658455	-0.66832244	-0.7016106	0.6770057	-0.74565095	0.6771596
0.90629476	-0.8057199	0.66376865	0.61544085	0.74134326	-0.68971306	0.7420502	-0.59456295
0.3331089	-0.31461972	0.29853326	0.20808579	0.24757604	-0.30493784	0.27009517	-0.22452445
-0.21139175	0.23377757	-0.17115201	-0.21658024	-0.18116333	0.17433405	-0.18948354	0.21096322
0.1017607	-0.27400744	0.13592331	0.15946329	0.2073864	-0.16890936	0.22300632	-0.13096738
0.91952616	-0.91616255	0.77316177	0.7436756	0.8942817	-0.86367226	0.84368545	-0.70380735
0.670467	-0.65989065	0.5802504	0.44467458	0.5874096	-0.6120137	0.63134867	-0.496909
0.78716743	-0.75769407	0.62461877	0.5308587	0.6634493	-0.6899566	0.6982393	-0.55297506
0.9461346	-0.9811141	0.7876746	0.66288245	0.8433058	-0.7940477	0.9064838	-0.77636784
0.79549706	-0.8116498	0.661271	0.5115455	0.72381985	-0.64998305	0.6519242	-0.56844443
-0.6732398	0.6000373	-0.565917	-0.48097607	-0.5716015	0.5522498	-0.57229286	0.51907885
-0.07354829	-0.0073766448	-0.03048483	-0.05680778	-0.073536634	0.051237576	-0.07521367	0.063664205
1.3006322	-1.2480016	1.1952806	1.0518475	1.2522515	-1.1982605	1.2664373	-1.0693953
0.87879455	-0.8181979	0.661127	0.5592653	0.7369824	-0.67662704	0.7075347	-0.6631919
-0.5352063	0.50870466	-0.4500215	-0.41074693	-0.46823967	0.47289306	-0.4562873	0.4353783
-0.21918719	0.19846119	-0.14595807	-0.12624879	-0.07200483	0.14162745	-0.095456734	0.10231458
0.9764726	-0.9777183	0.8103238	0.7798588	0.84689367	-0.89682454	0.84058994	-0.7383573
-0.62142867	0.59803224	-0.4876303	-0.42973033	-0.53221	0.47642097	-0.5970814	0.4895098
-0.49456415	0.48564968	-0.40408364	-0.36867735	-0.42694727	0.40495017	-0.4287899	0.42572042
0.37151328	-0.3258752	0.34816527	0.2620159	0.330009	-0.26843277	0.3186398	-0.32877585
-0.6169409	0.5774158	-0.5992036	-0.5038767	-0.56296986	0.5441078	-0.59868854	0.5532839
-0.19501004	0.12723352	-0.10213541	-0.18047449	-0.18660618	0.17192903	-0.13997404	0.13143891
-0.7038364	0.5668849	-0.5107068	-0.49741575	-0.5764265	0.5612308	-0.59398997	0.49286526
-0.47113094	0.42166406	-0.3214319	-0.2902079	-0.35738158	0.34943128	-0.33878398	0.33303478
0.74891394	-0.8016319	0.6519573	0.57192826	0.66565824	-0.72003835	0.71819997	-0.58731276
0.8747091	-0.8098708	0.7575127	0.6502906	0.7660898	-0.7867004	0.83238286	-0.62565553
0.12728113	-0.20002446	0.19680128	0.20102602	0.21862568	-0.1387503	0.1602726	-0.17245495
0.74248326	-0.7225664	0.59622675	0.52627176	0.6254593	-0.6889895	0.65426654	-0.6088742
-0.5018292	0.48876473	-0.4327315	-0.40281072	-0.46148473	0.4351951	-0.47352242	0.47866648
0.93114847	-0.8712508	0.79485846	0.7262979	0.82465976	-0.82147396	0.83540267	-0.70109296
-0.534817	0.49146777	-0.4261328	-0.41644737	-0.4548319	0.3986524	-0.49059236	0.42039278
-0.5775166	0.61329466	-0.5423849	-0.4903706	-0.56634474	0.5938233	-0.56597304	0.5785636
-0.4330639	0.3220561	-0.31351116	-0.3045172	-0.38556916	0.30605957	-0.39790216	0.31400892
0.8310685	-0.7767951	0.6556062	0.5524463	0.74541616	-0.7152417	0.7726331	-0.58693904
0.9440978	-0.968939	0.78145397	0.65975213	0.803571	-0.8776865	0.85981005	-0.7052865
0.73253495	-0.68110865	0.55981886	0.4643916	0.63200563	-0.5855837	0.6674768	-0.46560827
-0.8155045	0.7094444	-0.7273936	-0.5825759	-0.7364752	0.6148245	-0.7376489	0.6589398
0.20615362	-0.24425009	0.23648968	0.24910764	0.30495027	-0.29071453	0.25225186	-0.29481933
-0.64778614	0.58430475	-0.5538695	-0.47034267	-0.54558945	0.53127724	-0.63906425	0.49698237
-0.82557243	0.7626956	-0.742775	-0.679013	-0.81760854	0.7598402	-0.7810999	0.7383054
0.16037853	-0.17290904	0.16140118	0.15997835	0.14908104	-0.19028202	0.23095006	-0.22718395
0.90351963	-0.7941864	0.8034715	0.71822596	0.8204389	-0.7863064	0.8358594	-0.7186735
0.5826698	-0.52488714	0.4887206	0.4282331	0.5199209	-0.47885555	0.5107536	-0.39501908
1.032793	-1.0245863	0.94017524	0.75919753	0.930868	-0.9505469	0.95627594	-0.8253337
0.94023144	-0.85039896	0.8100251	0.7296334	0.8817124	-0.8321886	0.8472942	-0.77490515
-0.60172445	0.55301124	-0.47795227	-0.46838757	-0.5815711	0.45826933	-0.54027456	0.45063898
1.0336066	-0.93826956	0.8722002	0.83247447	0.94019574	-0.92342496	0.86092067	-0.8114463
-1.0594754	1.0798031	-0.99050087	-0.8913285	-1.0487089	0.9695835	-1.0527306	0.9303929
0.83273745	-0.85784215	0.7343208	0.6536516	0.7350815	-0.6964289	0.7557599	-0.6573902
-0.6352128	0.6171273	-0.5648772	-0.537976	-0.63866156	0.5439485	-0.64318	0.50017315
0.95180565	-0.81169915	0.7789855	0.7176172	0.8424956	-0.80830693	0.8575355	-0.7689934
0.74149233	-0.6584095	0.6025662	0.51919574	0.6111926	-0.67580515	0.6040564	-0.54643714
-0.42285988	0.35653174	-0.36412627	-0.3736367	-0.3818764	0.30195996	-0.37607425	0.36103955
0.11625898	-0.15731159	0.20293587	0.17852135	0.1302659	-0.21457796	0.17085233	-0.11919025
-0.5997564	0.5141645	-0.47709283	-0.47475925	-0.51000035	0.46390924	-0.53272694	0.4676981
-0.41816875	0.30451867	-0.26930425	-0.24936318	-0.34698707	0.29947874	-0.30586982	0.29142413
-0.11553356	0.09538425	-0.023705883	-0.08302851	-0.01821823	0.023725497	-0.110178754	0.055107296
0.44214252	-0.42533103	0.34938562	0.38864267	0.36867225	-0.3362535	0.3556417	-0.35710707
0.9003803	-0.7945023	0.71550643	0.6804196	0.82155794	-0.76554275	0.77018267	-0.6630876
-0.62921953	0.5907831	-0.6056905	-0.5447719	-0.56780237	0.55951613	-0.6066297	0.58159626
0.12731244	-0.10047982	0.09085078	0.14129311	0.13768885	-0.11919677	0.115905635	-0.058276873
0.8135322	-0.7181479	0.74367714	0.5856554	0.71009773	-0.67967105	0.77850294	-0.6364419
0.86696035	-0.7701649	0.63479525	0.6103042	0.7398541	-0.67509353	0.71086246	-0.6415975
0.7451843	-0.6978743	0.6760902	0.58416635	0.73305833	-0.68525594	0.72548807	-0.65570325
0.84893554	-0.80656016	0.71129256	0.5402003	0.66580117	-0.73547024	0.697439	-0.63228774
0.7396239	-0.69192266	0.5935969	0.49541757	0.6593102	-0.6468479	0.6275881	-0.5098281
0.49188074	-0.48688936	0.46119276	0.35297164	0.44385335	-0.435801	0.5042013	-0.4386084
-0.65659255	0.4971884	-0.5123662	-0.5090395	-0.49667415	0.46887827	-0.57161105	0.52950436
0.13164474	-0.15051702	0.13767882	0.08280406	0.1511969	-0.074563414	0.09743373	-0.13171569
-0.16338226	0.020166453	-0.1477153	-0.07777639	-0.11767331	0.061574325	-0.14507565	0.12325165
0.79851806	-0.7606886	0.74245626	0.563604	0.76064444	-0.71626806	0.7609617	-0.6132838
-0.82001364	0.8022244	-0.73123085	-0.6970821	-0.7426731	0.66506153	-0.74477756	0.6499733
-0.22832836	0.31474102	-0.24693923	-0.17290065	-0.24316727	0.23823267	-0.2090834	0.22954413
-0.6115928	0.54329324	-0.56947374	-0.4866963	-0.60460484	0.51940817	-0.5634961	0.5471145
0.71658623	-0.76278055	0.6861401	0.6052181	0.6648799	-0.6187361	0.66697425	-0.6307896
0.15786345	-0.15985695	0.14314143	0.1903614	0.19409911	-0.1366567	0.16849558	-0.17724892
-0.3784835	0.3905084	-0.37128899	-0.30847707	-0.2947414	0.2893724	-0.30621445	0.30933282
0.030429577	0.01753564	0.015053877	0.025049277	0.07253251	-0.050136216	0.023559554	-0.051407948
-0.3045925	0.26907215	-0.23086278	-0.23528543	-0.19353768	0.18608774	-0.26803803	0.21670963
-0.68522257	0.6575409	-0.58862394	-0.5029442	-0.63163406	0.6001381	-0.7020401	0.5717391
0.58660954	-0.5199916	0.40857115	0.34537554	0.49690783	-0.45706213	0.51306146	-0.35660857
-0.7403896	0.7485468	-0.6978438	-0.5742365	-0.6941432	0.64639807	-0.7106379	0.7012546
-0.98471564	0.9027726	-0.8836204	-0.8024509	-0.83721787	0.89088047	-0.8955317	0.87307
1.0061344	-0.95227796	0.850612	0.77862495	0.8439848	-0.89709145	0.90794265	-0.7873672
1.0036087	-0.93762696	0.943474	0.8263951	0.88550997	-0.8881461	0.9578518	-0.854329
-0.08896088	0.12178292	-0.02084763	-0.076243155	-0.07901792	0.10614551	-0.10348386	0.067245096
0.011474021	0.042356487	-0.015548427	-0.04382781	0.028636742	-0.023873577	-0.068923265	0.027873605
-0.20448326	0.17332801	-0.13813432	-0.111860424	-0.20468988	0.18602937	-0.22158384	0.11854663
0.3522724	-0.46306166	0.47460398	0.37772146	0.44787854	-0.3747765	0.3916045	-0.38707927
0.26107225	-0.27361163	0.33453625	0.2836673	0.30568677	-0.2292659	0.30814093	-0.2488678
-0.4292247	0.35622302	-0.3539933	-0.32385346	-0.40067387	0.31181374	-0.31973138	0.27123728
0.7667289	-0.7182485	0.61715984	0.57214195	0.6888318	-0.6616325	0.63399005	-0.56252587
0.18686724	-0.24787329	0.20068139	0.19831754	0.2343037	-0.16208708	0.20190023	-0.14309438
0.84302336	-0.80345255	0.66141886	0.55641156	0.6892021	-0.7178487	0.7651727	-0.6735128
0.8393098	-0.80849457	0.69555855	0.6244956	0.75183904	-0.68663424	0.70815396	-0.6458616
1.0496687	-1.0242046	0.91563493	0.76316696	0.9124137	-0.8872543	0.9681244	-0.74952495
0.7752298	-0.75027585	0.6483631	0.5893652	0.72206324	-0.719418	0.71954316	-0.56334585
0.83515257	-0.7586781	0.70495826	0.62479323	0.7165079	-0.7253173	0.71810436	-0.612031
-0.53149444	0.47369045	-0.4121881	-0.3457003	-0.41309616	0.46818897	-0.40993613	0.41634452
-0.7118241	0.5949476	-0.5848948	-0.5557909	-0.6386637	0.5929449	-0.6243726	0.558309
0.7476988	-0.74303246	0.65685654	0.58807135	0.6114003	-0.60980546	0.6229961	-0.55368567
-0.64502424	0.68372303	-0.58703876	-0.5058733	-0.61137265	0.5728726	-0.64082867	0.5605622
-0.54300165	0.50681406	-0.5227873	-0.42615	-0.53404206	0.43011835	-0.55420613	0.46741226
0.63227946	-0.58895504	0.49050048	0.45690092	0.5586393	-0.5799266	0.5402384	-0.455179
-0.4361773	0.45751172	-0.36927584	-0.3159577	-0.3748871	0.33074608	-0.4081007	0.3474639
0.21826877	-0.2354078	0.25703222	0.2430634	0.2774671	-0.26897463	0.24024996	-0.21829498
-0.8341513	0.7843447	-0.68366677	-0.7123075	-0.7034169	0.7426931	-0.7569254	0.754662
0.6691434	-0.63141906	0.5620203	0.48067042	0.6127314	-0.6120994	0.58285254	-0.525643
0.43761355	-0.45331025	0.40056342	0.35636985	0.43006706	-0.45756534	0.45905924	-0.40408543
-0.9148805	0.91997075	-0.8498824	-0.8034059	-0.9192609	0.87347656	-0.94617194	0.8179652
-0.21881238	0.17103203	-0.18766758	-0.15827897	-0.19091567	0.1034158	-0.19767407	0.13449422
0.7112072	-0.6806233	0.59507495	0.5084473	0.5613795	-0.5969353	0.5662726	-0.51922405
0.009432336	0.09080278	-0.090646654	-0.02295785	-0.008976831	0.04543471	-0.027605705	0.08224122
0.7532559	-0.7322643	0.60397315	0.53293794	0.63951135	-0.648247	0.7446924	-0.5550039
-0.15425706	0.103953905	-0.11077905	-0.027169174	-0.072383754	0.1471058	-0.1201357	0.06529675
0.04464023	-0.07787491	0.08869545	0.1174448	0.08381428	-0.029182225	0.11986898	-0.032998174
-0.2118506	0.21554603	-0.22365126	-0.198571	-0.23453936	0.19357163	-0.1917242	0.16187865
0.6690705	-0.6900754	0.62254375	0.57155174	0.6912033	-0.61774045	0.66363543	-0.59076667
0.70555675	-0.62666416	0.49194235	0.41939494	0.553917	-0.5601514	0.55790865	-0.5165694
0.63909835	-0.58512753	0.44499373	0.46408987	0.4845369	-0.5714669	0.53001595	-0.4635961
0.60970354	-0.5851956	0.5081322	0.419582	0.4762461	-0.47883585	0.4839392	-0.4731372
0.28403383	-0.35239732	0.3406094	0.3025448	0.2396128	-0.27212512	0.31741384	-0.27524948
-0.3357006	0.42301917	-0.29976076	-0.30741578	-0.28638774	0.32115284	-0.32572755	0.30466998
-0.53597087	0.5130919	-0.4996053	-0.37135845	-0.443466	0.47568604	-0.5083808	0.4671765
-0.0482645	0.1478053	-0.068891056	-0.118883535	-0.07231004	0.08124929	-0.063496456	0.11022254
0.91556174	-0.8153764	0.73800534	0.6625637	0.7712422	-0.7868286	0.82555133	-0.6102468
-0.5487048	0.6119706	-0.46510077	-0.47404382	-0.5269507	0.45133612	-0.51156294	0.42989057
0.94533	-0.86225796	0.808212	0.76701003	0.8331961	-0.8077246	0.87171614	-0.75698864
0.42876783	-0.3781821	0.35689655	0.32231328	0.40452427	-0.3957257	0.42336932	-0.38332778
-0.42446765	0.37813407	-0.3380308	-0.23964041	-0.37350363	0.2521839	-0.36240157	0.31832105
-0.70458895	0.65810806	-0.588278	-0.57940155	-0.62501657	0.61049414	-0.7005117	0.6061614
0.9473348	-0.8891383	0.76600087	0.700251	0.826169	-0.78626835	0.8775219	-0.7358727
0.5500209	-0.63772386	0.5800092	0.5133353	0.58111936	-0.52872014	0.62189996	-0.53622997
-0.11134815	0.0039777937	-0.09810808	-0.096142024	-0.13668665	0.08843674	-0.13028985	0.14012007
0.054738928	-0.028482521	0.0274207	0.060699042	0.029893903	-0.03703329	0.048113935	-0.06359123
-0.5087677	0.51224786	-0.4195877	-0.38703644	-0.4434171	0.39944708	-0.43090412	0.40136823
0.8852991	-0.8288292	0.73065156	0.6957569	0.7942376	-0.81360537	0.7781916	-0.6621257
0.10458539	-0.12701699	0.070960775	0.08162019	0.04178123	-0.09931885	0.096651085	-0.11328093
0.68642527	-0.66427946	0.55247056	0.47876766	0.63509744	-0.5974403	0.6171793	-0.54740983
0.71501297	-0.6122838	0.5542842	0.57380956	0.61426586	-0.55924684	0.63391376	-0.5889746
0.8356191	-0.8168152	0.75030154	0.6036458	0.73821515	-0.6822503	0.77712554	-0.6123797
0.644659	-0.64634407	0.54041076	0.5061258	0.5405363	-0.5676498	0.6063577	-0.4758182
-0.42293838	0.40474156	-0.3202307	-0.31534332	-0.30682686	0.36588016	-0.33629394	0.27815628
0.301163	-0.3266764	0.31991252	0.2748268	0.3707615	-0.36374483	0.33524618	-0.25163102
-0.5558366	0.5550241	-0.52709424	-0.45808476	-0.49912378	0.5005198	-0.5414626	0.49577403
0.3887452	-0.42866284	0.35427126	0.25004932	0.32420662	-0.40376607	0.40098324	-0.32939506
-0.80009377	0.7636962	-0.7759507	-0.6791429	-0.7498061	0.7322158	-0.78145885	0.7317806
0.6458598	-0.5653549	0.45886314	0.3695286	0.53296167	-0.4591426	0.4695113	-0.4214065
0.6387837	-0.62641644	0.5125995	0.3922814	0.56073004	-0.54058933	0.5272763	-0.44393536
0.64192814	-0.66538477	0.6430088	0.5551204	0.618234	-0.60376215	0.5999037	-0.6074119
-0.47297007	0.4412742	-0.3839662	-0.3540496	-0.40075865	0.39801335	-0.3953571	0.38532963
-0.26554993	0.18278277	-0.18232952	-0.10961674	-0.21102147	0.17954095	-0.19452125	0.12825803
-0.8243892	0.75222236	-0.7875466	-0.6966174	-0.7659833	0.6971303	-0.7644279	0.70391214
0.72399855	-0.66648394	0.6743135	0.6063801	0.6679877	-0.66608137	0.73945546	-0.6662206
0.8769648	-0.83935726	0.7577852	0.63056225	0.7540331	-0.7744277	0.82963145	-0.7152033
0.95127976	-0.8283012	0.74133706	0.6638934	0.82961714	-0.7557594	0.8223583	-0.72588307
0.8515088	-0.82620853	0.76399946	0.7213896	0.8059343	-0.71752053	0.8053169	-0.6735552
0.6658611	-0.56181777	0.49511462	0.44417447	0.5265874	-0.45287913	0.53574944	-0.42163125
-0.68307817	0.64570594	-0.50633043	-0.47523028	-0.57203746	0.47636393	-0.5621135	0.44688657
0.7056119	-0.6729145	0.59923637	0.54302686	0.624111	-0.6400864	0.61741567	-0.62026614
0.8268087	-0.7632587	0.6602563	0.55699813	0.67302215	-0.6333392	0.7515156	-0.57223725
-0.19400632	0.14273228	-0.15869948	-0.13277647	-0.1378477	0.1431388	-0.17141119	0.13450639
0.78622216	-0.7515071	0.6766806	0.6733529	0.7670165	-0.7229438	0.7471312	-0.6420328
0.76539165	-0.7646415	0.60199946	0.58774996	0.6691344	-0.671102	0.66237944	-0.59608364
0.68457204	-0.721747	0.67643297	0.6652751	0.745009	-0.7271577	0.6826827	-0.690288
0.843542	-0.82171386	0.81350636	0.6586559	0.81693757	-0.7302213	0.7702489	-0.67752814
-0.5782424	0.55296606	-0.53423613	-0.4621298	-0.4915975	0.51635605	-0.5253031	0.51165473
0.75160503	-0.7514825	0.58957255	0.5632541	0.64408714	-0.62446904	0.6721595	-0.56594765
-0.2309394	0.19377382	-0.18680707	-0.16902651	-0.22810566	0.23506492	-0.22308284	0.16094479
0.010081666	-0.14256991	0.09441481	0.026770096	0.067031756	-0.029974295	0.10941556	-0.0004965188
-0.23301081	0.2547398	-0.18260515	-0.2514732	-0.20214917	0.22092368	-0.27038398	0.25189263
0.5755875	-0.5339923	0.4531157	0.42479262	0.48425016	-0.4613736	0.50127083	-0.39492163
0.055054586	-0.0845346	0.06392259	0.030224364	0.045018997	-0.11163821	0.028921206	-0.05997474
-0.74506897	0.7471118	-0.7561334	-0.63798815	-0.678155	0.71332	-0.7607001	0.7252657
0.6738988	-0.619217	0.52924526	0.434376	0.60354006	-0.5290293	0.58106273	-0.46186745
-0.5499305	0.521669	-0.46311063	-0.4437168	-0.47893098	0.45578825	-0.47262847	0.4970719
-0.33120048	0.40895572	-0.34035617	-0.29225525	-0.30544597	0.316552	-0.3857125	0.2862402
0.80413353	-0.71466756	0.70384306	0.514626	0.634541	-0.6616538	0.70510477	-0.57677925
0.63336134	-0.57635075	0.5089266	0.45759684	0.5257084	-0.4933379	0.5319721	-0.4645229
-0.4242987	0.40725473	-0.38083267	-0.32114357	-0.40909004	0.3924148	-0.46563888	0.39710388
0.7617392	-0.71090496	0.6067747	0.54511756	0.6122603	-0.59152204	0.68866026	-0.5493622
0.702518	-0.6467152	0.6127474	0.56305695	0.63015103	-0.55503976	0.6407865	-0.58094734
-0.48779097	0.45419466	-0.4936452	-0.4248216	-0.43186894	0.5195251	-0.53220963	0.40736446
-0.55355537	0.49067062	-0.49787304	-0.4399534	-0.502646	0.50453395	-0.49994075	0.5353928
0.06647214	-0.048238646	0.027683761	0.032905713	0.112306364	-0.069029056	0.022837762	-0.06586173
-0.42613593	0.34884	-0.32303667	-0.36959836	-0.35534203	0.3096752	-0.3251263	0.3083198
-0.26304448	0.31014854	-0.24900633	-0.25449684	-0.21859083	0.2655613	-0.23575974	0.27253753
0.19331332	-0.18885076	0.12016353	0.10724744	0.14491348	-0.12710492	0.15815952	-0.1799409
0.73705864	-0.6757728	0.588514	0.52796704	0.6426729	-0.66404927	0.63344216	-0.6313397
-0.49167562	0.4619916	-0.4747691	-0.4141635	-0.4922972	0.42590857	-0.4687918	0.38057998
0.8422369	-0.76034635	0.68617296	0.59716064	0.6608105	-0.7206866	0.6911066	-0.6212783
0.7673442	-0.72558737	0.62907755	0.48724905	0.65898895	-0.58144563	0.6176758	-0.5379235
-0.53342843	0.4245216	-0.36592415	-0.40197232	-0.43322018	0.3866835	-0.39578515	0.370471
0.77471656	-0.70223844	0.5442264	0.49477452	0.64370996	-0.58621037	0.59741896	-0.54521775
0.10436835	-0.09499437	0.08069323	0.049342986	0.0527944	-0.03543942	0.107681364	-0.03393818
-0.055782937	0.050279964	-0.0697931	-0.054709766	-0.022078339	0.031465314	-0.020893387	0.008941721
0.89209276	-0.8259805	0.74502057	0.6597789	0.81435776	-0.810799	0.76781017	-0.7327705
0.66031533	-0.69960874	0.5673608	0.5395652	0.5939871	-0.589593	0.6075506	-0.51710516
0.5719022	-0.5500235	0.4526417	0.39314115	0.50921583	-0.5079078	0.5065109	-0.3751042
0.64886135	-0.6387493	0.56763786	0.5012844	0.54229623	-0.6001828	0.6443468	-0.5221527
-0.85917497	0.82907575	-0.72184575	-0.64235777	-0.71432185	0.72755027	-0.74306643	0.6951578
0.38206205	-0.3670865	0.42606926	0.37530154	0.36453307	-0.30898607	0.3995772	-0.319066
0.83292186	-0.88434833	0.73141974	0.6422486	0.7153001	-0.7497118	0.7906575	-0.65589625
-0.05434069	0.03990341	-0.047345143	-0.07217495	-0.064914905	0.014094396	-0.04137756	0.060091976
0.8781456	-0.86467284	0.82405406	0.69547814	0.7948237	-0.8189132	0.7960754	-0.73699075
-0.005148527	0.029110333	-0.014821006	0.05579419	-0.04004569	-0.033340216	-0.019073358	0.034794446
0.55001867	-0.47257376	0.41839117	0.33755696	0.40208003	-0.47224972	0.46460703	-0.4216882
-0.6601637	0.59953564	-0.5569749	-0.48437712	-0.6300067	0.5012028	-0.5858279	0.49472454
-0.69951165	0.6067125	-0.6050608	-0.5579175	-0.5542757	0.6079917	-0.5983418	0.59396404
-0.54668635	0.49762225	-0.46881562	-0.4260862	-0.47780058	0.4853034	-0.47314197	0.46364573
-0.6293012	0.690057	-0.5886444	-0.5130715	-0.5904421	0.55953175	-0.6054846	0.606805
-0.44341388	0.37637925	-0.4018728	-0.3624101	-0.42263407	0.31011346	-0.38472033	0.33516884
0.49913	-0.5041279	0.44507185	0.42020345	0.4410445	-0.4319077	0.49328035	-0.43667713
-0.46142656	0.407657	-0.39568943	-0.30840337	-0.3762381	0.31519675	-0.3560947	0.37541655
-0.24766004	0.22129571	-0.25130612	-0.20712075	-0.18701853	0.23280266	-0.22211263	0.16503288
-0.20284782	0.22966877	-0.1975096	-0.14445227	-0.25124332	0.23505735	-0.25016364	0.15143415
0.7214541	-0.7269105	0.59080803	0.4888391	0.6402734	-0.6241538	0.64230865	-0.5247094
-0.57920265	0.6012543	-0.4989713	-0.43119448	-0.50881475	0.5049137	-0.5623056	0.54010963
-0.6185101	0.5952659	-0.48728025	-0.45251322	-0.5883626	0.5386132	-0.5952338	0.54081124
-0.15053686	0.04880613	-0.073338635	-0.113891125	-0.12870958	0.038933706	-0.081386305	0.112548254
-0.3203039	0.32804453	-0.30164462	-0.26353756	-0.28663638	0.2550184	-0.30420575	0.25239432
-0.13920365	0.11055649	-0.0741316	-0.11850981	-0.14832267	0.075457744	-0.08428315	0.06767557
-0.75885624	0.70593333	-0.7305708	-0.6209084	-0.6865863	0.71124184	-0.7876421	0.6444803
-0.7455689	0.8110086	-0.75247765	-0.69433844	-0.78061104	0.72525513	-0.79397815	0.7143087
-0.07592029	0.14411439	-0.040406458	-0.04022636	-0.07247997	0.067926385	-0.13172096	0.113360785
0.88719106	-0.85658383	0.7270302	0.67270464	0.7332201	-0.75693834	0.7715108	-0.672332
0.6016327	-0.5655269	0.41571426	0.36233178	0.40602747	-0.3923381	0.46947032	-0.34112772
-0.7142902	0.6694632	-0.6851117	-0.6188321	-0.6524228	0.6102543	-0.6808939	0.6340638
0.143788	-0.15135002	0.17504567	0.117313996	0.17037942	-0.15614083	0.16347216	-0.16659932
0.64466906	-0.59888667	0.4437255	0.39770016	0.50206596	-0.5078605	0.478442	-0.41295177
0.07822396	-0.14455535	0.16957335	0.17179954	0.12679811	-0.10502721	0.098129354	-0.13028859
0.60743135	-0.527849	0.45440528	0.40375507	0.5538064	-0.48851687	0.54153067	-0.4382669
-0.49206856	0.44127682	-0.43632355	-0.38405594	-0.39785314	0.3786809	-0.43312684	0.3490693
-0.20175658	0.2466721	-0.19168162	-0.18621013	-0.2101978	0.22157551	-0.22373144	0.24032147
0.77671564	-0.7868153	0.6927876	0.6235178	0.7192766	-0.716149	0.7612962	-0.6042127
0.60086167	-0.60196215	0.48370394	0.4570296	0.52217555	-0.5400702	0.58280003	-0.47626346
0.20079428	-0.12850583	0.14523587	0.15315448	0.2147658	-0.17461714	0.15853956	-0.19158572
-0.037468646	0.072057605	-0.041889463	-0.035684954	-0.04706745	0.06368371	0.002166915	0.038257543
-0.2564555	0.21674879	-0.1962357	-0.12430206	-0.15388547	0.12470565	-0.1403258	0.18805647
-0.4304343	0.33888844	-0.3193385	-0.32476968	-0.36074382	0.3275469	-0.38702926	0.37149575
0.5690631	-0.53614384	0.46970716	0.39397815	0.55357206	-0.54786813	0.5004604	-0.4524471
0.74885696	-0.62402654	0.5621848	0.50258815	0.5641296	-0.55650884	0.6152391	-0.49302047
-0.20135085	0.20025885	-0.21300521	-0.14823629	-0.2270466	0.24677971	-0.18375869	0.20449261
-0.36744973	0.34033322	-0.32312414	-0.20023455	-0.32361495	0.26548752	-0.33230597	0.25088274
-0.3000557	0.30136967	-0.2961821	-0.28686324	-0.3182226	0.24227388	-0.30644706	0.3120398
-0.52273303	0.495372	-0.43138796	-0.4381951	-0.45303947	0.44153574	-0.44384447	0.43538854
0.6647557	-0.62076944	0.4820443	0.47353354	0.5585182	-0.50770736	0.5843927	-0.48175302
0.7814735	-0.77099264	0.69407845	0.59341764	0.6898922	-0.6598977	0.69113755	-0.6537245
-0.5481971	0.5712833	-0.5586104	-0.5067275	-0.5625037	0.57443017	-0.58171284	0.5651205
0.5428452	-0.42008787	0.39943472	0.34570736	0.34749326	-0.41780347	0.38882282	-0.27509648
0.68889904	-0.649845	0.56707585	0.54589003	0.6469894	-0.60037863	0.6050377	-0.49669036
0.6027348	-0.601828	0.5039597	0.40795428	0.52356523	-0.5486373	0.54853046	-0.4525699
-0.68031985	0.6362218	-0.5746264	-0.5204792	-0.54758114	0.5392806	-0.6225912	0.577136
0.31301928	-0.30920178	0.30172697	0.22467251	0.3131117	-0.2227222	0.2829971	-0.23910017
0.8021121	-0.73846066	0.68414843	0.55343294	0.7365091	-0.6704641	0.65663075	-0.5916213
-0.6700551	0.6748545	-0.6175233	-0.5420217	-0.653217	0.5398073	-0.64218384	0.61685526
-0.67929125	0.64800566	-0.50220424	-0.4814582	-0.6146279	0.55151594	-0.55081505	0.52054065
-0.8108674	0.7766919	-0.6887563	-0.6822213	-0.7534963	0.67002755	-0.7274177	0.69556385
0.620324	-0.68873566	0.5217808	0.44657344	0.62061894	-0.60198176	0.6306529	-0.5142799
0.48909438	-0.49049118	0.389781	0.31929904	0.40254554	-0.4686126	0.46078423	-0.38572356
0.68117756	-0.57911	0.5253517	0.479448	0.5679301	-0.5606707	0.56837344	-0.5273703
-0.6945993	0.70910233	-0.6695618	-0.6685749	-0.7202923	0.6945415	-0.7113814	0.6647166
-0.3471653	0.35720733	-0.36477807	-0.31945	-0.3367142	0.31676173	-0.3270289	0.3601717
-0.3953523	0.34366435	-0.28276506	-0.2999184	-0.33039978	0.27493858	-0.36885706	0.3079133
-0.4589206	0.4208973	-0.46188036	-0.41976154	-0.4903194	0.45307606	-0.4597897	0.4222156
0.468564	-0.3975439	0.35559222	0.3124073	0.33291748	-0.37452835	0.40354145	-0.27224305
0.52395415	-0.53185636	0.5037203	0.47253075	0.53661877	-0.46810204	0.49062476	-0.46873334
0.1427183	-0.18192971	0.20907174	0.15801987	0.22512332	-0.19730008	0.15958256	-0.1674395
0.60599846	-0.58074754	0.5291899	0.5032405	0.59828943	-0.5360407	0.5614028	-0.4703252
-0.5830272	0.5568316	-0.4804177	-0.49982056	-0.5126274	0.51564205	-0.57193094	0.47761342
0.5785998	-0.60326326	0.59284794	0.53499025	0.50804865	-0.56014085	0.54111135	-0.5051786
-0.27357054	0.32998744	-0.24950613	-0.27868217	-0.22738948	0.2994176	-0.28082433	0.2313417
0.60316217	-0.555015	0.48453987	0.3881913	0.523255	-0.52812463	0.48538068	-0.4249122
0.8227729	-0.8674063	0.7667503	0.6613929	0.7734998	-0.7663863	0.8160783	-0.6856337
-0.50468725	0.46578425	-0.44862133	-0.3911867	-0.38151678	0.40683976	-0.42194384	0.39157677
-0.22234857	0.2275274	-0.24637061	-0.1929974	-0.18751004	0.25586075	-0.25243178	0.22576468
0.6343911	-0.5722033	0.4920657	0.40194306	0.5761169	-0.5695421	0.5068803	-0.39677086
-0.18617895	0.1738996	-0.122670576	-0.123229146	-0.16165623	0.21439368	-0.19029365	0.17060632
0.61697173	-0.6005445	0.59644103	0.5088787	0.5382151	-0.6232575	0.5514835	-0.4794635
-0.6048358	0.5070798	-0.52350557	-0.46819997	-0.49925837	0.5170822	-0.5279722	0.49994633
-0.7599708	0.67188364	-0.7101349	-0.59424514	-0.6704422	0.6463319	-0.6771834	0.64635015
-0.4435319	0.4791006	-0.4209836	-0.36881405	-0.38893172	0.4026045	-0.45693257	0.3789447
-0.8151135	0.72341174	-0.69933766	-0.6219879	-0.77929133	0.69775915	-0.7007851	0.73228705
0.664268	-0.6212749	0.5310398	0.4702099	0.5484851	-0.5328923	0.5930769	-0.44138357
-0.39117357	0.44943425	-0.3906273	-0.38924658	-0.43019778	0.426725	-0.40511775	0.41146287
0.71659833	-0.6152241	0.5100695	0.4340803	0.56146055	-0.58109736	0.53092206	-0.50823015
0.72277755	-0.7096107	0.6255352	0.58324647	0.6566808	-0.64283895	0.67175686	-0.61549306
0.067383096	0.017276973	0.053999662	0.059588976	0.042802874	0.005780731	0.07584323	-0.008041625
0.6565372	-0.5754573	0.5800014	0.51059693	0.62525535	-0.5377553	0.593227	-0.5003834
0.71941733	-0.66999114	0.62120706	0.526782	0.5989482	-0.5579804	0.61983603	-0.5502253
0.41833815	-0.46077117	0.40384248	0.31078932	0.34928513	-0.37686196	0.3593619	-0.3136346
-0.38861084	0.36428043	-0.3673998	-0.27896887	-0.32877776	0.3076479	-0.31351787	0.30349422
-0.2760399	0.23088266	-0.1758484	-0.1430954	-0.17412537	0.21440588	-0.16174954	0.19364715
-0.11194466	0.12588093	-0.08150094	-0.038008984	-0.04349527	0.047324814	-0.13084143	0.11526549
0.60403687	-0.64975274	0.5542022	0.4425368	0.50498486	-0.5202505	0.5908624	-0.5036559
0.14538331	-0.20543364	0.19618617	0.108567625	0.20648435	-0.1864297	0.22426648	-0.14991485
0.502981	-0.519758	0.4678918	0.40121424	0.496468	-0.4451638	0.5124838	-0.44122007
-0.37632805	0.40431026	-0.3103721	-0.30163416	-0.31288564	0.33731958	-0.39729097	0.30052474
0.4840615	-0.48417228	0.37894586	0.3546269	0.4181905	-0.44908682	0.40057862	-0.33318818
-0.5500426	0.48388234	-0.52143055	-0.4241049	-0.53081906	0.46917886	-0.5692467	0.42990083
-0.88519645	0.88228136	-0.7633781	-0.71782756	-0.81048256	0.83781934	-0.8463988	0.80311936
0.4833846	-0.4246539	0.4148152	0.36185205	0.39885342	-0.467193	0.41994017	-0.3516515
0.6203291	-0.6656275	0.57148474	0.51092094	0.57020515	-0.5383777	0.6360589	-0.5267481
0.78985864	-0.7614899	0.58518505	0.57276404	0.65313184	-0.64213055	0.65972173	-0.56555986
0.66585994	-0.65567267	0.5295475	0.47044504	0.61173767	-0.5725634	0.6118574	-0.5389229
-0.29709604	0.35809535	-0.24155746	-0.22975592	-0.29011703	0.29601535	-0.27494758	0.28358853
-0.46207032	0.41574112	-0.374378	-0.3753245	-0.37735128	0.33164632	-0.45901853	0.3388833
0.74808985	-0.68334275	0.6278624	0.48378068	0.6146251	-0.6298815	0.5828009	-0.50896084
0.6627699	-0.7044118	0.57274556	0.53313667	0.6048543	-0.66207564	0.63403416	-0.5884938
-0.6955764	0.60006607	-0.63069975	-0.5455785	-0.5892794	0.61092585	-0.66458625	0.5166678
-0.5074395	0.45661837	-0.4656559	-0.4529357	-0.45039847	0.40902847	-0.47297296	0.45861807
0.63722086	-0.6062621	0.5728638	0.43992773	0.5719891	-0.49476305	0.5336177	-0.45605835
0.45810923	-0.45981878	0.334784	0.33383232	0.34913215	-0.36540404	0.34419125	-0.37275246
0.8062119	-0.7751256	0.63232887	0.5471065	0.72129536	-0.67118585	0.6601294	-0.5584402
0.7709019	-0.7100453	0.6159473	0.522972	0.66001457	-0.6111949	0.7075399	-0.55253893
-0.24318838	0.19563292	-0.15147273	-0.13763906	-0.1778362	0.15395325	-0.19603647	0.2092719
0.7573817	-0.74911326	0.6791524	0.54493225	0.6573485	-0.6905742	0.7160708	-0.5747795
0.49230435	-0.42619234	0.3950312	0.3152498	0.42435598	-0.40957248	0.42849872	-0.36046678
-0.08750212	0.09375349	-0.10849503	-0.052791245	-0.13882157	0.14944592	-0.11571026	0.13270392
0.7689552	-0.7230257	0.66059923	0.59560657	0.6888863	-0.6619787	0.6188332	-0.6053051
0.8200999	-0.76125056	0.7256592	0.667643	0.7701692	-0.72199017	0.8286	-0.76552665
0.85299796	-0.8452715	0.68699807	0.624741	0.7160961	-0.7815342	0.74345046	-0.6932081
-0.00729034	0.014591898	-0.012397724	0.018694544	0.03636425	-0.008429509	0.0036982147	0.0499942
-0.5470787	0.500229	-0.45190164	-0.35449415	-0.454383	0.4282899	-0.4549862	0.36831465
-0.3699713	0.29693556	-0.338462	-0.22396985	-0.26919743	0.3011228	-0.294884	0.30612952
0.6570832	-0.5846186	0.5430145	0.4255681	0.58865446	-0.5101864	0.5762247	-0.48792616
-0.41685286	0.39358538	-0.40720215	-0.30965024	-0.4346266	0.39580116	-0.42441323	0.39302167
0.50473744	-0.5557659	0.4361285	0.35718673	0.4146503	-0.40904453	0.45376328	-0.35416478
-0.58105224	0.5197011	-0.51509887	-0.4244339	-0.5456231	0.45951906	-0.53018874	0.5014462
-0.108118124	0.1266529	-0.13190421	-0.08275441	-0.12167874	0.117458634	-0.13354357	0.08614851
0.71562207	-0.7186311	0.5825393	0.4762513	0.57880056	-0.6225511	0.57053417	-0.5540565
0.4757328	-0.4637735	0.3078721	0.2985662	0.30766678	-0.36121792	0.33425257	-0.2527462
0.7292865	-0.77527	0.67118603	0.57851434	0.70583636	-0.6976605	0.6975963	-0.61643547
0.5489121	-0.41423553	0.3554016	0.3138364	0.37286577	-0.37032276	0.4410988	-0.30660766
0.49482033	-0.5261641	0.46456665	0.36188796	0.41525808	-0.50248	0.4390785	-0.35618454
-0.74608666	0.694172	-0.6581516	-0.6350711	-0.73066545	0.6946502	-0.73171794	0.7171328
0.66352886	-0.59393996	0.5533984	0.43933982	0.6043955	-0.53521085	0.5986294	-0.4631509
0.026325373	0.013846962	0.0118389055	-0.010750579	-0.02243783	0.010110483	0.024356712	-0.024731165
-0.3354357	0.3153717	-0.3158722	-0.2210338	-0.23988013	0.2450164	-0.31105095	0.28676358
0.5429828	-0.4678565	0.42298377	0.41565832	0.47281554	-0.4629921	0.45780876	-0.39853516
0.6698548	-0.6483969	0.495397	0.43356594	0.5165356	-0.5110061	0.59023154	-0.47452673
0.6632594	-0.60278285	0.58075815	0.504244	0.58237624	-0.56966835	0.5683956	-0.5493626
0.83479524	-0.8841876	0.77642375	0.69602895	0.8342012	-0.75972366	0.838503	-0.7782295
0.5430841	-0.49565306	0.468402	0.3760291	0.39771727	-0.42793632	0.43624973	-0.38571534
0.2549076	-0.22554219	0.2710168	0.26897258	0.28757071	-0.27717188	0.29566315	-0.2757782
-0.66972	0.62527263	-0.56626964	-0.5773825	-0.6372759	0.5581112	-0.6591208	0.5641985
-0.5857366	0.5754835	-0.4673855	-0.4631092	-0.5452856	0.44337356	-0.4764509	0.46924293
0.74935	-0.777352	0.6134874	0.5189558	0.7194557	-0.65325874	0.7156721	-0.585464
0.50597245	-0.49579218	0.41325733	0.38191232	0.44090956	-0.42022964	0.46692476	-0.3633869
0.7442423	-0.729416	0.59862274	0.501432	0.6492374	-0.5734798	0.58390707	-0.5676562
-0.5641141	0.5620923	-0.5527807	-0.46456018	-0.48603994	0.49439228	-0.55782896	0.44797575
0.5556456	-0.56664795	0.41856813	0.37353903	0.46514606	-0.47873044	0.4140667	-0.35173282
-0.28081176	0.27272964	-0.22521335	-0.20860411	-0.28754857	0.29592156	-0.3338359	0.22243612
0.28642735	-0.20635553	0.16815135	0.18690878	0.26345548	-0.20245937	0.18943968	-0.24169989
0.7822965	-0.7645815	0.7099074	0.5815804	0.6884455	-0.6288943	0.6883384	-0.6480987
0.5136505	-0.48514983	0.46558517	0.3138144	0.4285731	-0.48731086	0.47662294	-0.40181753
0.14983235	-0.1800615	0.23342064	0.16574642	0.20957348	-0.23411787	0.222038	-0.13953996
0.4498523	-0.44459763	0.48170626	0.45584434	0.43029714	-0.47597256	0.46851763	-0.40379605
-0.17402102	0.119244	-0.035534047	-0.11242398	-0.0881587	0.036924105	-0.039045297	0.10665279
0.46876547	-0.45330748	0.3854459	0.31190604	0.3953832	-0.38354748	0.4216485	-0.33021381
0.69145155	-0.54989105	0.5459442	0.45083255	0.5756377	-0.50817186	0.5570999	-0.42561716
-0.93404573	0.95351386	-0.88369197	-0.84762204	-0.955927	0.8855312	-0.8866243	0.8838428
0.66028595	-0.5693034	0.563984	0.4229777	0.53770477	-0.5119212	0.5243102	-0.47983658
-0.13524681	0.116351284	-0.13851246	-0.083525896	-0.12371228	0.09051731	-0.15505801	0.069750905
0.4842215	-0.43558192	0.35566908	0.3051556	0.41691133	-0.36015743	0.3783389	-0.36636156
-0.28344342	0.23711401	-0.22980684	-0.18440767	-0.23603056	0.27042782	-0.29999036	0.25819516
0.74612844	-0.68744266	0.6787196	0.6321747	0.64678913	-0.66616756	0.7276098	-0.64798605
0.39397967	-0.49342084	0.40669957	0.39494747	0.47459868	-0.47310716	0.4896123	-0.44504416
0.65488356	-0.6221638	0.5365022	0.454885	0.52980846	-0.53755707	0.5912889	-0.4938296
-0.32094136	0.27119875	-0.19633089	-0.17834985	-0.2972498	0.25212002	-0.29732594	0.2279707
-0.40449905	0.36422798	-0.24232574	-0.27007502	-0.29283795	0.30996826	-0.33430997	0.29449388
0.71439534	-0.6303162	0.5283688	0.46653634	0.62852204	-0.5923743	0.55457956	-0.4824049
-0.036561016	-0.009339297	0.041148514	0.018693106	0.049389627	0.030345032	-0.012125984	-0.0049633905
0.5387815	-0.4978096	0.45180634	0.3990682	0.48132092	-0.4809308	0.4761438	-0.4557698
0.6066928	-0.631338	0.54472244	0.43376675	0.580917	-0.5519081	0.60696	-0.44558147
-0.41265738	0.4579868	-0.36752743	-0.27387664	-0.34045473	0.3688515	-0.4029421	0.3753095
0.6711385	-0.67326194	0.6084436	0.45970646	0.64987314	-0.59558654	0.6057216	-0.52724683
-0.23013788	0.24250692	-0.18574466	-0.110706866	-0.19283101	0.20078292	-0.15877979	0.18738575
-0.356216	0.37723753	-0.27767915	-0.33811688	-0.2877046	0.353089	-0.3998207	0.34602982
-0.4539057	0.4346998	-0.37072337	-0.38447186	-0.34858266	0.40712246	-0.4062666	0.3625666
-0.033960264	0.08196265	-0.03462227	-0.044733584	-0.08659914	0.07402644	-0.08948577	0.019593973
0.8060316	-0.79350317	0.70266914	0.6201958	0.71584946	-0.7058698	0.7173007	-0.5892319
0.66340333	-0.6236248	0.5289734	0.46445033	0.5637385	-0.5447634	0.56346714	-0.47679403
-0.29906762	0.2883794	-0.2698992	-0.25068465	-0.23946355	0.21343865	-0.30243003	0.21586643
-0.44162697	0.4183318	-0.3851419	-0.28431213	-0.3487472	0.3657687	-0.391179	0.31160912
-0.71179414	0.74598956	-0.64601386	-0.6062332	-0.7477383	0.6294342	-0.76895815	0.61907876
-0.59226114	0.51744664	-0.46539465	-0.3814883	-0.453489	0.4126656	-0.561496	0.4652439
0.57161325	-0.559035	0.43999586	0.4497962	0.48486105	-0.518478	0.54391515	-0.47214222
0.18498468	-0.19295765	0.25221056	0.20011944	0.17137352	-0.20280261	0.2822	-0.19717309
0.56456107	-0.5819131	0.5465129	0.4263815	0.5401558	-0.5195052	0.49430704	-0.51491964
-0.21520405	0.1857916	-0.13815916	-0.09165052	-0.1439526	0.1854069	-0.17913982	0.09216083
-0.3447184	0.3318477	-0.37280193	-0.261298	-0.30499023	0.31104168	-0.33962217	0.29976416
0.74817306	-0.6880722	0.61573255	0.5433017	0.59039277	-0.60090953	0.63916373	-0.5221781
-0.70812255	0.65418524	-0.6343326	-0.646966	-0.6313302	0.60606664	-0.6511092	0.5834492
0.5398646	-0.5060345	0.44202062	0.3699336	0.4273844	-0.39663523	0.41899285	-0.33736405
0.5382637	-0.59119916	0.4863081	0.4454699	0.51021284	-0.45748553	0.566932	-0.49875465
-0.37758285	0.36752605	-0.30732325	-0.31927317	-0.35219088	0.3634349	-0.35358334	0.29998395
0.8279801	-0.77783024	0.7292393	0.6462419	0.74958944	-0.74158126	0.78269553	-0.60235655
0.4704888	-0.4280552	0.41117218	0.33942035	0.44744846	-0.44167104	0.36777702	-0.38001558
0.6542733	-0.5357748	0.5244405	0.4383712	0.52675116	-0.46554625	0.55764693	-0.47922906
0.9150047	-0.8238117	0.6733826	0.6754536	0.7171881	-0.7660271	0.7816089	-0.70900637
-0.60763747	0.62614244	-0.5620843	-0.49838898	-0.6193785	0.5956648	-0.65838736	0.50668615
0.60474837	-0.6207198	0.5940663	0.50445306	0.5724025	-0.53817374	0.56253153	-0.5430741
-0.68275917	0.6866988	-0.606567	-0.58924073	-0.6575871	0.61362296	-0.6749312	0.5634447
-0.6534608	0.65036935	-0.5417109	-0.5570277	-0.61452615	0.6013572	-0.60383004	0.5636008
0.72864443	-0.7672966	0.67344207	0.7015974	0.7321476	-0.66079193	0.7182316	-0.7073988
0.47416118	-0.526005	0.41437626	0.35361964	0.40423292	-0.4387289	0.3554538	-0.39780435
0.78191245	-0.7181741	0.6391441	0.5454762	0.6971155	-0.6544391	0.676945	-0.66108084
0.19115923	-0.28940895	0.24228376	0.25358123	0.2990953	-0.26275763	0.27937454	-0.24572141
-0.18965061	0.14459321	-0.07791134	-0.09779138	-0.15912117	0.077027895	-0.10752975	0.07473629
-0.4701848	0.3841796	-0.34498373	-0.38393116	-0.404052	0.38136086	-0.4474862	0.38915554
0.3056168	-0.3901794	0.33113393	0.34237498	0.30768234	-0.3863568	0.41918272	-0.32983723
0.5656493	-0.47712225	0.5131406	0.43077195	0.45687398	-0.41766664	0.5168118	-0.4527381
-0.4907245	0.54076785	-0.42490095	-0.37524444	-0.5007779	0.4822721	-0.5072354	0.42034182
0.67663074	-0.6227067	0.59850687	0.50736386	0.5797656	-0.6189957	0.61437994	-0.5810782
0.3894584	-0.41664103	0.33176437	0.24481834	0.32012075	-0.39460382	0.34953785	-0.29067484
0.6946335	-0.69695973	0.5957446	0.5579064	0.6158177	-0.66131026	0.6511503	-0.5289941
0.7284759	-0.66077787	0.5716415	0.53248954	0.6235175	-0.6540287	0.62435865	-0.6200056
0.30353603	-0.32480896	0.30462572	0.19225942	0.29267365	-0.2985412	0.2706652	-0.22754887
0.1549561	-0.12660654	0.21246104	0.14604908	0.14007582	-0.13143817	0.17234474	-0.11729804
0.78373414	-0.739479	0.6675982	0.56751186	0.6874543	-0.6797343	0.7377128	-0.67427295
0.7495789	-0.7066132	0.6359001	0.5783299	0.66395354	-0.623277	0.68255097	-0.6326769
0.62094694	-0.6033353	0.56261396	0.61038357	0.6608108	-0.5646346	0.595698	-0.57934546
0.77653325	-0.7525416	0.6222101	0.59633976	0.72143775	-0.6906573	0.65591973	-0.5637583
0.48804855	-0.42253625	0.42137682	0.3370847	0.38647324	-0.4342585	0.44277686	-0.36432636
-0.030681502	0.04105947	-0.029318633	0.05085751	0.0028522739	-0.0002770954	0.040954273	-0.063991494
0.60269994	-0.60210735	0.48893327	0.45752263	0.53929543	-0.49882	0.50729525	-0.48884842
-0.42473584	0.45943868	-0.36697927	-0.37401676	-0.3805547	0.39899197	-0.36171165	0.3416651
0.56605136	-0.5606884	0.4749833	0.46698865	0.49444422	-0.54707414	0.5564316	-0.4014654
0.6057816	-0.55036664	0.5429795	0.47761515	0.5464721	-0.50851524	0.51927793	-0.4227557
-0.16591734	0.07284013	-0.04083452	-0.02427059	-0.07163318	0.07611103	-0.1138576	0.04264495
-0.5014059	0.4304411	-0.41245306	-0.37883696	-0.4190602	0.43615404	-0.42102963	0.37934926
0.14956348	-0.15522794	0.10218845	0.1404062	0.09506112	-0.1380254	0.10420854	-0.17192142
-0.32375613	0.3112306	-0.3431943	-0.22044486	-0.2856974	0.31438613	-0.35972342	0.2574722
0.21708174	-0.23813124	0.16008778	0.19676653	0.18016353	-0.20608513	0.12230851	-0.19868025
0.7776873	-0.75142986	0.63973296	0.5476712	0.6487199	-0.6795441	0.7168141	-0.51666546
0.39771587	-0.3410303	0.310451	0.19141868	0.31041753	-0.3314146	0.3179917	-0.26102057
-0.5599048	0.49019426	-0.5135	-0.45496097	-0.43501708	0.42779544	-0.47557327	0.48834383
0.40315074	-0.36144933	0.38664877	0.27917963	0.303638	-0.35791296	0.35906634	-0.33386472
-0.19050221	0.07429031	-0.06279592	-0.13729328	-0.11349007	0.1542716	-0.06953913	0.12827995
0.6401394	-0.6115251	0.5416705	0.5365859	0.5712617	-0.55427676	0.61603504	-0.57025427
-0.2057611	0.1304018	-0.11500969	-0.1755144	-0.1994179	0.16048658	-0.15614943	0.12371534
0.47475198	-0.43737447	0.335133	0.34006757	0.37393716	-0.37054688	0.41951483	-0.37276977
-0.12978661	0.06502134	-0.021404725	-0.09728508	-0.07097359	0.027824908	-0.021732619	0.102365404
0.62114584	-0.611431	0.5057204	0.38893795	0.5192974	-0.5590904	0.50720316	-0.381433
-0.38492417	0.3823264	-0.37857884	-0.31403187	-0.28858408	0.37179172	-0.3556923	0.3215513
-0.8152205	0.8907792	-0.8153821	-0.77639824	-0.80688	0.8293015	-0.8215454	0.8213977
0.019712418	-0.06271699	0.042017527	0.07354635	0.029457387	-0.02590581	0.0061914413	-0.013312723
0.43665782	-0.4624296	0.37502044	0.30939397	0.36252797	-0.40300447	0.37464476	-0.31101885
-0.22037648	0.12484904	-0.13295993	-0.1292985	-0.089445405	0.123660035	-0.11858544	0.14384739
-0.15902612	0.19284454	-0.23332743	-0.21053132	-0.16947693	0.17930214	-0.17597148	0.18261938
0.72534966	-0.76079357	0.63950884	0.5032394	0.66547024	-0.59904957	0.67514026	-0.6094415
0.3788105	-0.36966026	0.25269574	0.29206762	0.32899025	-0.30447665	0.29845312	-0.22580226
0.5285338	-0.5443586	0.39826858	0.40109143	0.42750803	-0.41413966	0.49470833	-0.40333825
-0.12657565	0.07524357	-0.08061814	-0.07425032	-0.1452893	0.08410736	-0.15713406	0.13909861
0.6972859	-0.6081477	0.5722792	0.5301355	0.64175206	-0.6355709	0.63370305	-0.5053655
-0.13771357	0.17243955	-0.14063157	-0.1519215	-0.15688258	0.18152979	-0.10275478	0.14301254
0.6495115	-0.64134973	0.5388631	0.45902902	0.59476906	-0.57129854	0.6191816	-0.5068823
-0.61072165	0.6761957	-0.61117023	-0.6026989	-0.5782663	0.64772916	-0.671114	0.5759901
0.65003383	-0.611734	0.5609431	0.43699002	0.5770647	-0.5733551	0.5828414	-0.5167875
0.5098785	-0.4814704	0.4674577	0.37195292	0.47746286	-0.46840748	0.4771896	-0.44047794
0.13202478	-0.09587273	0.068662494	0.04813068	0.13190603	-0.0817567	0.0498586	-0.119323075
0.7473254	-0.8139686	0.60419154	0.567829	0.6928359	-0.6440198	0.6731285	-0.5722458
-0.4386829	0.43805534	-0.4445648	-0.35349023	-0.3851519	0.42684782	-0.47174537	0.3674022
-0.15406093	0.15338677	-0.09812534	-0.09508995	-0.1510671	0.117728144	-0.12110255	0.12992924
0.6372511	-0.5632776	0.51497555	0.4221375	0.57111037	-0.49622595	0.5401267	-0.4746873
0.35288084	-0.3601816	0.25074315	0.21266508	0.24713726	-0.24991836	0.24221568	-0.22938018
0.39668337	-0.37718794	0.34022754	0.29027596	0.3703942	-0.28960586	0.31022185	-0.27882454
0.5044646	-0.49137747	0.45524654	0.41311505	0.42994297	-0.41018444	0.4586904	-0.40470436
0.7370546	-0.69347787	0.7049235	0.6251441	0.7374765	-0.71019673	0.74445575	-0.6362957
-0.40712947	0.4334637	-0.34075966	-0.33634913	-0.3895392	0.39690825	-0.3987049	0.3655633
0.503698	-0.40994316	0.31042552	0.27020907	0.43384144	-0.3712175	0.36458638	-0.29750812
0.6914057	-0.70011	0.70694417	0.5930956	0.64418745	-0.70969325	0.7027175	-0.6242
0.15706296	-0.12251999	0.13947688	0.14456518	0.09157205	-0.119920716	0.10906593	-0.06472361
0.4529884	-0.42669445	0.30703002	0.2568422	0.38331813	-0.31195453	0.37212223	-0.25079232
0.5209894	-0.49051127	0.49045143	0.40033847	0.48518705	-0.4746465	0.44529486	-0.4118412
0.5966573	-0.58099306	0.5136703	0.42994392	0.51792234	-0.55888295	0.554084	-0.53578514
-0.19429123	0.23207948	-0.21066536	-0.15167896	-0.21142282	0.21961412	-0.19744848	0.15559426
-5.0760915e-05	-0.04643702	-0.012222381	0.05154467	-0.017597063	0.0065995078	-0.016229928	0.040239375
0.33825994	-0.33931702	0.29349363	0.21882103	0.2613405	-0.3302404	0.24477787	-0.25999543
-0.30724508	0.2429639	-0.24991529	-0.19415528	-0.2132655	0.18508874	-0.21234885	0.19181022
0.71253854	-0.6404356	0.6087783	0.5127178	0.58525085	-0.5856413	0.65358245	-0.47876826
0.61439306	-0.5683122	0.57495314	0.48122028	0.52414215	-0.51710224	0.5472038	-0.46631998
0.59757185	-0.65495884	0.56297493	0.52200764	0.5885009	-0.58474684	0.61871326	-0.4802508
-0.21258764	0.20455168	-0.22839968	-0.19098867	-0.16498682	0.1455784	-0.16603923	0.17170724
0.6544057	-0.55061847	0.46937218	0.41718015	0.49415237	-0.5201321	0.5731394	-0.48012245
0.71930736	-0.67969376	0.54263955	0.50997275	0.61823004	-0.5476999	0.56094295	-0.5313647
0.2843588	-0.2485128	0.24733146	0.21182965	0.29556215	-0.24703386	0.18515238	-0.23624606
0.48204842	-0.41146055	0.42058608	0.37552607	0.42374536	-0.3641271	0.43130046	-0.38166726
0.11933545	-0.100168094	0.10201838	0.109158516	0.09570068	-0.13444577	0.15466328	-0.095111065
0.6205008	-0.6048744	0.55138814	0.40494743	0.5050393	-0.50378585	0.5548769	-0.500281
0.3331098	-0.2699072	0.2954592	0.25781962	0.25756156	-0.33682454	0.2522537	-0.23567997
0.50271523	-0.43166912	0.41056898	0.36823767	0.4157951	-0.48444226	0.43797463	-0.4308233
0.8871176	-0.86909235	0.7432861	0.6186909	0.78327733	-0.7036539	0.8546314	-0.6624527
0.06781569	-0.137733	0.04747904	0.046186518	0.040205073	-0.07650681	0.11989077	-0.07872415
0.2897994	-0.2503153	0.17316836	0.2010922	0.29173428	-0.2891698	0.19848226	-0.17594986
-0.52335984	0.4681347	-0.5335441	-0.470914	-0.4874552	0.47209537	-0.5078343	0.4898866
0.34309566	-0.43280798	0.3738977	0.40109947	0.35417536	-0.39222464	0.39965394	-0.34403574
0.38064456	-0.39391473	0.25362912	0.27714154	0.2978625	-0.38464513	0.30451432	-0.28475398
0.6394313	-0.60227215	0.5825397	0.5001069	0.54716355	-0.52871835	0.5759853	-0.50511014
0.34362143	-0.28935784	0.24385643	0.30953887	0.27461687	-0.29109007	0.31608117	-0.26752278
-0.030281838	-0.03637557	-0.04532672	0.022880934	-0.036074508	-0.012936521	0.012869278	0.023774596
-0.42067903	0.39556766	-0.35165605	-0.34481952	-0.36896256	0.36504245	-0.37872508	0.37134886
-0.27458823	0.23361076	-0.2614784	-0.19327658	-0.21544923	0.19002572	-0.26864636	0.20065242
-0.5638023	0.49353582	-0.48941147	-0.45648023	-0.5224266	0.5473929	-0.5179623	0.4917188
-0.29112393	0.23005262	-0.2987083	-0.27266565	-0.26391354	0.24179421	-0.33745426	0.29532447
-0.45248243	0.52915347	-0.49168265	-0.4561525	-0.42008254	0.4834148	-0.52719945	0.43600264
0.7520433	-0.660348	0.6366687	0.52271515	0.6522908	-0.6486375	0.66294676	-0.5633611
0.005759071	-0.08674024	0.121615455	0.099685416	0.088700056	-0.08759348	0.08577781	-0.046549972
-0.28914177	0.28170797	-0.30398458	-0.19762525	-0.28834084	0.26600596	-0.31418878	0.2195932
0.6276928	-0.6548075	0.51863015	0.47150427	0.55991465	-0.5509878	0.5927016	-0.4818921
-0.18902329	0.19301654	-0.094954595	-0.15473644	-0.17118141	0.1417914	-0.123532124	0.18254405
-0.5127439	0.38546917	-0.429271	-0.31411427	-0.42679775	0.3466791	-0.46443632	0.43539104
-0.412031	0.39500007	-0.31774586	-0.26645285	-0.39538854	0.31237167	-0.36812314	0.34926027
0.72250426	-0.6773798	0.6244543	0.54760075	0.65358627	-0.6111184	0.5958046	-0.5322619
0.5870173	-0.54881877	0.56245345	0.47953823	0.53808546	-0.5723552	0.5772065	-0.5074642
0.64275426	-0.62734103	0.55703306	0.52130264	0.6356075	-0.61748284	0.64900696	-0.58099407
0.091710396	-0.10981842	0.06578649	0.11591591	0.07753974	-0.09221618	0.12520157	-0.103995726
0.5598793	-0.44063452	0.45233577	0.39768845	0.4259964	-0.41078505	0.4366796	-0.32811776
0.39347526	-0.3855146	0.37802362	0.31080046	0.40419406	-0.39725897	0.3293239	-0.37188977
0.5207399	-0.4444134	0.40295988	0.37287617	0.41768813	-0.4021986	0.43103674	-0.29807773
0.4730432	-0.42284733	0.3683165	0.39026228	0.4095653	-0.42078874	0.47542778	-0.4128225
-0.01641331	0.030656777	-0.055666227	0.0050194208	-0.0014148771	0.001153122	0.016860273	0.030495204
-0.5331922	0.6284683	-0.54361403	-0.4623975	-0.57145196	0.5515265	-0.56302506	0.499948
-0.27764064	0.25809282	-0.21479002	-0.21673247	-0.1785342	0.20427099	-0.25995	0.2049015
0.7334856	-0.71074635	0.676672	0.5933377	0.64093184	-0.58811396	0.69809544	-0.6119838
-0.5759064	0.5925027	-0.5802824	-0.5435938	-0.5745288	0.52118784	-0.60304695	0.5431107
0.7532048	-0.6843791	0.64811146	0.60225976	0.6462944	-0.7069205	0.7272073	-0.66658413
0.7410006	-0.699386	0.6620393	0.57172555	0.6630365	-0.6216954	0.6545147	-0.5930436
0.59709364	-0.5916579	0.5572543	0.45658568	0.5647635	-0.5172037	0.5471581	-0.50484407
0.58066064	-0.53396624	0.49416295	0.44782606	0.51188415	-0.5069832	0.45430174	-0.43230277
-0.48496902	0.4404541	-0.36771882	-0.34105927	-0.4309218	0.39009735	-0.40755144	0.42095864
0.613212	-0.6017566	0.5609075	0.47412348	0.5286626	-0.5651669	0.59850377	-0.5459454
0.6395073	-0.59671247	0.5870745	0.43208787	0.5367558	-0.56492805	0.6000547	-0.5366612
0.6046201	-0.59185743	0.5050654	0.4747701	0.5843996	-0.5771908	0.60082674	-0.47263587
0.7757373	-0.8177931	0.6876971	0.5930603	0.7009129	-0.75602156	0.760792	-0.6279681
0.6755305	-0.6500213	0.597163	0.50142384	0.5850763	-0.52545375	0.5950884	-0.50167614
-0.21078314	0.18127474	-0.18605751	-0.20398885	-0.21195316	0.14002673	-0.14541626	0.14003128
-0.7079803	0.7395797	-0.7618965	-0.6699711	-0.7095317	0.7006877	-0.7447486	0.6982143
0.20932847	-0.22122729	0.22903968	0.1540443	0.25586057	-0.16939753	0.19075845	-0.20462011
0.30207866	-0.2926181	0.22814989	0.21409817	0.20746991	-0.21839425	0.2439357	-0.22199753
-0.20489132	0.2014173	-0.17406768	-0.20817551	-0.24557473	0.19827756	-0.20922503	0.19704768
0.019282514	0.021485075	-0.039961156	0.05474907	0.035753235	0.01183449	0.014099315	-0.01285384
-0.39289874	0.32792595	-0.37344137	-0.28223592	-0.3983965	0.35508272	-0.3552382	0.3146062
0.16554573	-0.1942502	0.21877612	0.14007902	0.2016032	-0.24274662	0.26969406	-0.22424853
-0.48564675	0.4917484	-0.45094833	-0.40335247	-0.44143444	0.44656488	-0.46586904	0.35953417
0.61926186	-0.59373456	0.59686846	0.44107774	0.5831464	-0.55820924	0.56019855	-0.5370737
-0.49570233	0.49182197	-0.43310782	-0.43255416	-0.5079638	0.4628731	-0.48953277	0.42591342
-0.44075757	0.38056463	-0.3698836	-0.31347248	-0.37226665	0.41302243	-0.40246108	0.34131783
-0.5727314	0.49338502	-0.48309937	-0.49891406	-0.48918316	0.46527538	-0.55062824	0.5226727
0.5934945	-0.6449105	0.5093237	0.5012849	0.56322455	-0.5166624	0.6197501	-0.5125968
0.13090777	-0.053077776	0.10859197	0.04795599	0.105202846	-0.102578826	0.11108313	-0.07460939
0.50573957	-0.5224141	0.45760226	0.40341827	0.45938358	-0.43104672	0.4302273	-0.42403975
-0.6472252	0.65808177	-0.60575557	-0.60050535	-0.67688787	0.631045	-0.67635334	0.64837855
0.6213443	-0.6228018	0.52258927	0.4354695	0.5290602	-0.51039714	0.55152774	-0.48230144
0.7364345	-0.6607961	0.55995345	0.46929035	0.5708671	-0.656055	0.61821926	-0.54576033
-0.012795931	0.008980539	0.06672661	0.015686281	0.041888	-0.039942928	-0.009327321	-0.024794107
-0.5750254	0.55413735	-0.5759502	-0.51721275	-0.5505417	0.5557611	-0.5400349	0.5518961
-0.44071478	0.4648847	-0.41448626	-0.34853953	-0.42529812	0.350701	-0.4679862	0.4408563
0.49777776	-0.49354514	0.4127636	0.3834712	0.40486386	-0.43755382	0.45384118	-0.37869397
0.6463926	-0.5764064	0.54206145	0.48388177	0.57283944	-0.55805653	0.57391554	-0.5161554
0.63490474	-0.58469224	0.4874681	0.49792606	0.5525947	-0.5167335	0.5245255	-0.45947626
0.57008225	-0.5820845	0.46303183	0.44937742	0.5200108	-0.47257107	0.4922451	-0.42317778
0.5001431	-0.492745	0.39104408	0.3537991	0.4680766	-0.36980635	0.41585907	-0.40855467
0.5992381	-0.625911	0.5396513	0.45951304	0.53223807	-0.528386	0.5498999	-0.45494163
0.5669541	-0.4640305	0.46300328	0.39481086	0.42821687	-0.4477003	0.50695676	-0.43497097
-0.32436293	0.29084826	-0.29895684	-0.3069119	-0.34807262	0.27619332	-0.3175451	0.3394077
-0.21093991	0.120744325	-0.13883786	-0.16702119	-0.11045438	0.0764269	-0.1457202	0.091666654
-0.08033209	0.027038036	-0.0007164501	-0.07815173	-0.041074205	0.031335745	-0.064720534	0.00011534596
-0.37659872	0.36584675	-0.31182697	-0.21920672	-0.32522744	0.23626478	-0.28827247	0.24288669
-0.34106672	0.36231953	-0.2765702	-0.28907362	-0.37317017	0.24085662	-0.29725185	0.27561072
-0.100493796	0.0592917	-0.032589164	-0.11875654	-0.07958401	0.10525757	-0.08608168	0.09519671
0.32051423	-0.2572574	0.2656238	0.1968257	0.31783435	-0.30551526	0.28119135	-0.27573177
0.28932953	-0.27684736	0.24230468	0.15274721	0.256833	-0.26549205	0.19525456	-0.22413135
0.6761247	-0.5885623	0.51116306	0.47201833	0.5600711	-0.5787967	0.5708948	-0.5210365
0.5631876	-0.63217163	0.52166927	0.48782796	0.4968569	-0.55916166	0.5369432	-0.43055615
0.56876296	-0.51871836	0.40066054	0.35242543	0.47444615	-0.4634546	0.4337834	-0.360509
0.56053317	-0.56496435	0.54061675	0.4597816	0.59937465	-0.58054227	0.53325737	-0.53486896
0.6964139	-0.72313917	0.6496239	0.64728117	0.6709621	-0.6900242	0.7230056	-0.64707255
0.27208522	-0.18851493	0.19733511	0.19668305	0.16207738	-0.21883832	0.19603467	-0.20594226
0.64738935	-0.60582995	0.5915575	0.4914485	0.57493997	-0.58425	0.5975582	-0.5553882
-0.155874	0.13394903	-0.083820894	-0.08213415	-0.14403313	0.11572358	-0.14880805	0.07897479
0.5005838	-0.48224676	0.41517717	0.34222126	0.4406995	-0.47997057	0.4611388	-0.37311935
-0.5210267	0.5628262	-0.5000798	-0.38995174	-0.449639	0.4201334	-0.5094991	0.49829003
0.27479944	-0.2540929	0.22433783	0.1936747	0.19031145	-0.21390039	0.22691381	-0.16683903
-0.3282772	0.31996405	-0.30798897	-0.24044903	-0.29398403	0.23913455	-0.36399797	0.31286803
0.2654622	-0.22164959	0.26019722	0.17775585	0.2359085	-0.21676953	0.2905144	-0.2168791
0.67085254	-0.7128044	0.6670274	0.5366441	0.6415204	-0.5821174	0.63152516	-0.6307006
-0.31235537	0.20895417	-0.25430927	-0.25543186	-0.24163747	0.2509583	-0.299146	0.24230787
0.83356166	-0.80321586	0.68500376	0.619363	0.7628724	-0.67580414	0.71340847	-0.6909425
0.2562378	-0.27975965	0.34977058	0.2626407	0.2688388	-0.31105945	0.2844443	-0.24407722
-0.12131136	0.07204297	-0.13865052	-0.08804795	-0.13852316	0.06641311	-0.14859864	0.17128904
-0.4558983	0.4564372	-0.40022612	-0.38879243	-0.43670747	0.43403786	-0.47830346	0.36905932
-0.13265881	0.11378856	-0.11669949	-0.06369333	-0.15930623	0.112732254	-0.11406437	0.106815234
0.17445187	-0.20770158	0.13557297	0.21515435	0.18971144	-0.15896834	0.14895749	-0.1609877
0.5943114	-0.57114106	0.4703067	0.4375538	0.5003882	-0.50441396	0.4531485	-0.39147228
-0.44051045	0.45849282	-0.3787507	-0.34684944	-0.37694862	0.35632464	-0.37735486	0.3073202
-0.13092774	0.09232947	-0.048310746	-0.060013678	-0.058915026	0.0821151	-0.101648726	0.046158787
0.20261127	-0.19636713	0.22342627	0.1924072	0.20331812	-0.16097057	0.22850344	-0.13095576
-0.15014486	0.120845705	-0.09870958	-0.10464391	-0.13990194	0.09375659	-0.15600657	0.115739375
-0.0076737045	-0.053417236	0.061781563	0.02145731	0.043882996	-0.034493398	0.05235532	-0.08987367
-0.13662113	0.07688136	-0.038084444	-0.060685173	-0.09748714	0.06633378	-0.044085167	0.027378995
-0.35869554	0.27692556	-0.27035177	-0.2821897	-0.2731968	0.27965784	-0.2684994	0.29615754
0.5596857	-0.5714243	0.44423923	0.4124301	0.52089846	-0.47916758	0.5301126	-0.4440286
0.59743375	-0.5037537	0.5212013	0.41590488	0.54426765	-0.52169263	0.56032354	-0.4742827
0.66045755	-0.5894899	0.65223885	0.55238986	0.61629254	-0.63529295	0.6199019	-0.60231817
-0.43307972	0.34303445	-0.3370673	-0.31080553	-0.33394596	0.30319577	-0.3536238	0.30214283
-0.5643277	0.55203754	-0.4745621	-0.4468953	-0.46061513	0.5342668	-0.4784433	0.5017463
0.5059508	-0.51838034	0.4641684	0.39096642	0.42644644	-0.38659763	0.4139987	-0.37469763
0.5526266	-0.53348833	0.46824437	0.43384665	0.48909676	-0.4294867	0.5390185	-0.45139953
0.54576355	-0.56743443	0.4242896	0.3143292	0.44030356	-0.42135468	0.47595543	-0.3991153
0.6192599	-0.62876886	0.5883343	0.5078642	0.6056045	-0.52738065	0.61731225	-0.46402198
0.55595106	-0.51695	0.4774192	0.32897234	0.4546849	-0.42153588	0.4961618	-0.39036056
0.52667004	-0.42206308	0.3469206	0.36827517	0.40126985	-0.36344683	0.39501852	-0.3345921
-0.15425976	0.18166313	-0.109845914	-0.15825602	-0.15002863	0.1699507	-0.13210997	0.07771147
-0.36045402	0.38079983	-0.2960334	-0.23851293	-0.34358814	0.27062777	-0.33764622	0.34297445
-0.25577873	0.16557804	-0.1693029	-0.13576113	-0.1458965	0.18859605	-0.2478278	0.13736315
-0.42481282	0.45044512	-0.48049808	-0.39411578	-0.39968264	0.4226443	-0.43446204	0.3926014
-0.23049955	0.27572188	-0.15754256	-0.13406199	-0.25304252	0.15853733	-0.21292597	0.15345775
0.67391604	-0.7215013	0.5966427	0.4941905	0.6439522	-0.59827113	0.62065905	-0.5178611
-0.68186516	0.64458454	-0.6173341	-0.6328621	-0.62764806	0.6980987	-0.71882343	0.5864437
-0.06550083	-0.029816203	0.029390518	0.017234687	0.0281746	0.0089674	-0.053068563	-0.023527037
0.23805323	-0.23016058	0.24682772	0.17881827	0.21742284	-0.26495886	0.29298526	-0.23976824
-0.25609332	0.22574948	-0.18752176	-0.12627141	-0.16562165	0.1938837	-0.15189599	0.21288706
0.52217495	-0.50469	0.3976994	0.3787095	0.40894002	-0.4651237	0.44184092	-0.37632328
-0.30485347	0.30390143	-0.2735211	-0.2558665	-0.29517835	0.24795018	-0.34218612	0.266252
0.3681546	-0.38908863	0.30558303	0.2978054	0.3608966	-0.29619008	0.28069848	-0.28650165
0.7456795	-0.67892724	0.67113477	0.6318854	0.6264443	-0.6242229	0.7110367	-0.6571267
-0.26643696	0.20434812	-0.19729804	-0.1398423	-0.18144478	0.23359254	-0.2484177	0.21843942
0.52059895	-0.5146785	0.43020445	0.3122158	0.42749897	-0.39955166	0.47046566	-0.4229722
-0.25576842	0.25623155	-0.17462601	-0.15621752	-0.17220783	0.16190784	-0.1689168	0.21982177
0.6930326	-0.6683829	0.61939985	0.57398176	0.69349647	-0.65576535	0.6450903	-0.6213491
0.55901504	-0.58669037	0.46541265	0.46992	0.49778756	-0.50046796	0.55561703	-0.4946677
0.6231231	-0.59080166	0.5655729	0.50325423	0.525095	-0.5711608	0.60302997	-0.5079941
0.6551565	-0.6736094	0.5328672	0.4877188	0.54422224	-0.53394496	0.54192376	-0.51228344
-0.0150372945	-0.032786403	0.021524407	0.009498883	-0.009709753	0.029842172	0.00246141	0.032125894
0.7083335	-0.72263145	0.6491717	0.6939368	0.6764125	-0.69684696	0.68463135	-0.62559944
0.4387388	-0.42046088	0.32739353	0.33619368	0.33600366	-0.31340513	0.4218767	-0.3523597
0.8438982	-0.78983563	0.7046671	0.70097405	0.7375955	-0.7305941	0.80965453	-0.636807
-0.24894562	0.20897059	-0.14450592	-0.113398746	-0.19585192	0.2183252	-0.20624392	0.1415944
0.2915	-0.3069225	0.20972991	0.1734151	0.22312616	-0.29782584	0.22488537	-0.19408086
-0.29917085	0.2574224	-0.26977545	-0.2414885	-0.23363431	0.23004521	-0.30982882	0.29091126
-0.3324567	0.2824054	-0.22357361	-0.2253115	-0.29599202	0.2231644	-0.21790935	0.18007089
0.5708478	-0.5869327	0.53546655	0.465431	0.6050267	-0.54686254	0.5786982	-0.49764234
0.84997594	-0.7923355	0.68245065	0.66458386	0.7211797	-0.7336105	0.7668974	-0.69232875
-0.3323716	0.24447048	-0.23497133	-0.2077709	-0.20598423	0.2631329	-0.23616001	0.22533913
0.47236022	-0.38436273	0.35912722	0.3069954	0.353589	-0.3400762	0.4022833	-0.36644447
0.61199486	-0.61106193	0.5212208	0.4729295	0.51005733	-0.53134334	0.55265963	-0.4907862
-0.43254963	0.4764493	-0.48817623	-0.39064968	-0.4882116	0.52114725	-0.4480225	0.44663092
0.35645893	-0.28088838	0.24030223	0.18686168	0.26284972	-0.24549316	0.24682963	-0.21318787
0.6528868	-0.6271981	0.59815234	0.5631841	0.60267556	-0.63328546	0.6611048	-0.5322782
0.81255734	-0.7579631	0.65610963	0.61565995	0.6716667	-0.7195067	0.71911347	-0.6055183
0.092062555	-0.17427796	0.1425753	0.11107973	0.18840194	-0.13609171	0.18083848	-0.15763345
-0.17988741	0.21880339	-0.18957216	-0.16796125	-0.14350618	0.15628317	-0.1422083	0.16156916
0.7090139	-0.64048284	0.6358014	0.5810179	0.58605117	-0.6459314	0.63583046	-0.52266884
0.6229657	-0.5762316	0.46503267	0.42202756	0.5152416	-0.5639708	0.5422975	-0.46902776
-0.13177894	0.0674375	-0.06612769	-0.090078205	-0.08131808	0.04333123	-0.12769078	0.062046893
0.47150794	-0.4503709	0.41786703	0.3364379	0.37137982	-0.34540075	0.44320017	-0.33202463
-0.36588895	0.39860287	-0.3329276	-0.28573272	-0.3577999	0.32776833	-0.3571101	0.33511823
-0.2043189	0.11311696	-0.16879484	-0.10703054	-0.1329147	0.113863766	-0.1861481	0.102015994
-0.49328822	0.38519865	-0.3609514	-0.37934735	-0.39405817	0.3786459	-0.3727343	0.33038905
0.6997543	-0.67121965	0.5985472	0.60511184	0.63480204	-0.6805732	0.696368	-0.6282298
0.55681187	-0.47854754	0.4193501	0.45648515	0.44641498	-0.46230397	0.4344525	-0.45883724
-0.32202876	0.24682486	-0.2805187	-0.2173117	-0.2859261	0.23719193	-0.30033225	0.24472693
0.051515292	-0.048718173	0.018822383	-0.0058856364	0.07488404	0.0058764624	0.03411551	-0.07361719
-0.45509717	0.47315183	-0.34993517	-0.3819722	-0.37374997	0.34064147	-0.37841082	0.3312461
-0.72677284	0.74077487	-0.7001657	-0.6743019	-0.777261	0.7507914	-0.7333593	0.69780505
0.34738204	-0.32054192	0.28246978	0.2383199	0.34376764	-0.34191284	0.2978498	-0.29678997
0.42486525	-0.37314293	0.2721361	0.3269968	0.3816092	-0.34145877	0.3611915	-0.329657
0.47591266	-0.49963215	0.32864872	0.3004281	0.41095886	-0.41413745	0.41910374	-0.31550476
0.56584346	-0.5785577	0.5384804	0.45601693	0.54089946	-0.51739174	0.5314322	-0.4169851
0.0050484515	-0.040119417	0.08349025	0.0055709556	0.07128172	-0.064948164	0.037223127	-0.08886613
-0.5390475	0.4936317	-0.47054625	-0.47967845	-0.51421934	0.51632696	-0.537871	0.436377
-0.5513048	0.5348502	-0.43006888	-0.38604695	-0.50844014	0.5051537	-0.5308887	0.46664202
-0.5539516	0.5134287	-0.4948135	-0.4718656	-0.43559477	0.5193803	-0.52018553	0.44309193
0.6894004	-0.68283135	0.60235935	0.49946406	0.6384028	-0.604254	0.66094065	-0.58104545
-0.3316258	0.276876	-0.22276273	-0.24900097	-0.3097174	0.29057574	-0.33841917	0.25975588
0.7126988	-0.7247446	0.5508401	0.5260222	0.65400755	-0.62752	0.58708644	-0.5082727
0.3595779	-0.2651705	0.29584634	0.25590336	0.2536751	-0.31921938	0.26355308	-0.22773959
0.07061374	-0.09014998	0.07514471	0.06755855	0.08929497	-0.062138446	0.057080127	-0.05146873
-0.14558999	0.24856094	-0.14066744	-0.13249096	-0.22192472	0.19310753	-0.15433377	0.14872825
-0.5029689	0.4946805	-0.41731355	-0.4760256	-0.49145934	0.4467755	-0.52482873	0.47270072
0.54298186	-0.5579454	0.47795314	0.3502751	0.47077462	-0.49571484	0.4620112	-0.3857288
0.08431479	-0.17027888	0.09800118	0.052076183	0.09987958	-0.09606448	0.123658285	-0.09055479
0.6437909	-0.5870415	0.5805114	0.50406975	0.56437224	-0.6183753	0.6094775	-0.5674037
0.5361787	-0.5066899	0.47774714	0.45085192	0.47506675	-0.4538685	0.49211922	-0.46365756
-0.3915769	0.39744183	-0.34281942	-0.29400945	-0.36455047	0.27761826	-0.35375947	0.26219502
-0.33970466	0.39324394	-0.34635636	-0.32220998	-0.31791273	0.3850307	-0.3507148	0.323818
0.7419575	-0.77004236	0.5609224	0.5109839	0.6084802	-0.63014853	0.69724625	-0.52820474
0.21795571	-0.18663733	0.19929759	0.1976765	0.25866613	-0.16729696	0.1805665	-0.19464877
0.6448129	-0.66950655	0.56109494	0.49246463	0.585408	-0.5742275	0.60744286	-0.5328778
-0.28267872	0.22997189	-0.17938225	-0.21872793	-0.21806638	0.1798906	-0.2605045	0.20334888
0.5057393	-0.43048128	0.44403526	0.35214013	0.45572683	-0.4357186	0.46807936	-0.42806122
0.45567888	-0.45349857	0.30884075	0.24931319	0.32373953	-0.40212733	0.32986334	-0.32270876
0.56839913	-0.5317992	0.48927036	0.36563244	0.45401815	-0.44110566	0.45108926	-0.36152637
0.6181245	-0.6487064	0.56104106	0.49655104	0.537356	-0.57689476	0.61077505	-0.5249262
0.42291865	-0.40037304	0.29083556	0.23112965	0.34992126	-0.30427268	0.3177711	-0.26966363
0.1399732	-0.19764277	0.16668046	0.12569305	0.15952034	-0.1558287	0.20006382	-0.113465324
0.5600637	-0.4943169	0.48372653	0.46176165	0.49318513	-0.49132422	0.50600004	-0.4259372
0.6012172	-0.5551372	0.45840427	0.37885204	0.46007678	-0.4944438	0.5376337	-0.46035153
0.64367527	-0.56756973	0.5644745	0.4416258	0.5578452	-0.5458873	0.5469856	-0.48188853
-0.4921978	0.4636634	-0.40953535	-0.40619346	-0.47940484	0.44825765	-0.44812495	0.46763828
-0.80503356	0.80670613	-0.74454814	-0.7616909	-0.7713883	0.70494014	-0.7481339	0.72989225
-0.50233597	0.5095108	-0.45696694	-0.42452374	-0.482951	0.49038723	-0.51645654	0.49670595
0.616662	-0.5471273	0.4646378	0.44294778	0.5395085	-0.5133676	0.53809005	-0.4891318
0.5579242	-0.57926214	0.43921342	0.36223355	0.4398694	-0.49154767	0.45399073	-0.40028659
0.5803969	-0.5855014	0.52805835	0.44440612	0.4614645	-0.44702503	0.50495213	-0.4959344
0.64441615	-0.6020756	0.5492724	0.4990059	0.60927683	-0.5759515	0.5829439	-0.5261056
0.19819379	-0.22419071	0.15954375	0.18308376	0.19421102	-0.1727628	0.15617405	-0.10249882
0.58763504	-0.559659	0.5287327	0.47050676	0.5243618	-0.59493285	0.56272304	-0.47333646
0.7082066	-0.59296703	0.63472736	0.488119	0.6140051	-0.5731284	0.64597034	-0.56551147
0.5470967	-0.5061229	0.50995344	0.49292213	0.48212627	-0.47213963	0.48531443	-0.47299895
-0.13080402	0.10222242	-0.11002689	-0.10334159	-0.107638806	0.119128615	-0.12362239	0.07325383
-0.2683435	0.23645577	-0.2108108	-0.20429519	-0.25687942	0.24354786	-0.24826102	0.14394908
0.05053127	0.00950257	-0.011006774	0.015755283	0.0057632593	0.012472042	0.0025421951	0.017149786
0.6808966	-0.6787706	0.6040941	0.4836387	0.5653955	-0.63740396	0.6041825	-0.581792
0.4778386	-0.41555062	0.3517376	0.33685803	0.37169123	-0.3445101	0.3604932	-0.2953914
0.4651957	-0.38129678	0.26528424	0.26965863	0.36584133	-0.29761484	0.33115283	-0.30701384
0.40612093	-0.4422134	0.37753272	0.3913043	0.45951462	-0.4032209	0.381348	-0.33766356
-0.42543077	0.43915778	-0.42453927	-0.34139585	-0.424826	0.41018778	-0.44681907	0.37017217
0.34462765	-0.34434482	0.28268912	0.2554131	0.29911906	-0.3156314	0.3285423	-0.306056
-0.0989546	0.038575117	-0.06232439	-0.1115338	-0.09794292	0.0819146	-0.07608758	0.029938836
0.4766775	-0.43757004	0.4122579	0.323846	0.4182514	-0.3805026	0.40999594	-0.3497077
0.30495387	-0.21355398	0.16426963	0.13960093	0.22747716	-0.21909057	0.18584488	-0.15584014
-0.36545134	0.3632596	-0.28652757	-0.24735339	-0.35185674	0.29244643	-0.35592645	0.31423083
0.41227263	-0.32756567	0.33593154	0.24624912	0.37044394	-0.30193177	0.37879744	-0.24208395
0.637787	-0.5934141	0.48470274	0.44742218	0.52124316	-0.5459362	0.5646505	-0.4354727
0.41714975	-0.45995823	0.40582362	0.35180333	0.34931445	-0.3755852	0.36167625	-0.35288626
0.44154468	-0.36075935	0.356174	0.2629168	0.36685467	-0.3770895	0.37196922	-0.3234311
0.48880497	-0.42820296	0.45603856	0.38724715	0.45442045	-0.4052598	0.43129632	-0.39586616
-0.4778292	0.46810305	-0.42354685	-0.42718598	-0.46249685	0.4587828	-0.48923454	0.47386315
0.19232629	-0.22466211	0.17594035	0.1451063	0.24966739	-0.23045571	0.25566247	-0.23024568
0.35741138	-0.29964674	0.30280668	0.29626217	0.33305687	-0.34423497	0.30241594	-0.21692055
0.4172364	-0.3773851	0.29025203	0.25413612	0.35589808	-0.32101327	0.366743	-0.24261849
0.25443196	-0.28085595	0.20293541	0.24443692	0.20066677	-0.27868977	0.23985969	-0.19594269
-0.3028598	0.2804473	-0.26481217	-0.2668917	-0.29780796	0.27188104	-0.32652143	0.29427072
-0.123793125	0.103815414	-0.08492964	-0.078795515	-0.086704545	0.115952335	-0.06828235	0.07394504
0.25599316	-0.16620396	0.16606332	0.17546013	0.19573712	-0.14004338	0.19632868	-0.1546386
-0.25439188	0.2254581	-0.28446177	-0.23460492	-0.23997453	0.20293109	-0.21814708	0.18877241
-0.10341756	0.06623657	-0.04392449	-0.035881285	-0.027038407	0.04676693	-0.033341944	0.084598586
0.47181842	-0.44617015	0.38693085	0.3284513	0.43279967	-0.38500854	0.4439531	-0.39452645
0.39201373	-0.375854	0.3277454	0.28797886	0.29706672	-0.31634548	0.3559248	-0.2759704
0.6574867	-0.6430748	0.5574285	0.47505626	0.5597362	-0.5155697	0.5504231	-0.56359327
0.37467238	-0.40002626	0.36730477	0.2571129	0.38270557	-0.34364682	0.3516543	-0.29678634
0.25309268	-0.2943816	0.22168398	0.1909962	0.22639318	-0.3012112	0.276004	-0.20329736
0.5220539	-0.5244364	0.3994303	0.40995803	0.4019916	-0.39390442	0.4813287	-0.42421934
-0.025725227	0.06249305	-0.022945506	-0.016206276	-0.024207545	0.0043786494	-0.0015739255	0.02747425
0.29848054	-0.24600191	0.23669352	0.20705727	0.23078194	-0.23415622	0.24389203	-0.2591756
-0.35421142	0.3740051	-0.37491915	-0.2944023	-0.36093614	0.38602528	-0.39604813	0.30722266
-0.26395643	0.22832723	-0.22760653	-0.19046487	-0.18322301	0.16532694	-0.26215845	0.20388803
0.51137215	-0.4691598	0.32658654	0.31403083	0.3777803	-0.38124293	0.43099654	-0.37209553
0.3794362	-0.30261925	0.30845568	0.21046065	0.31446114	-0.3134977	0.2681044	-0.24871898
0.3663391	-0.31105402	0.211398	0.24616614	0.32379025	-0.31115493	0.2471401	-0.2554463
-0.17957518	0.11270556	-0.16685492	-0.114912175	-0.11015253	0.09365333	-0.14911455	0.18234576
-0.18834266	0.17781322	-0.100481875	-0.14114998	-0.13899972	0.16211596	-0.19566634	0.17526452
0.4606676	-0.4260078	0.42304644	0.3521781	0.40364784	-0.38616607	0.35321	-0.34481618
0.032386057	-0.102707274	0.11190219	0.05951517	0.10848417	-0.029100513	0.110898465	-0.0951547
-0.017935034	0.0017227336	0.059700254	0.052821826	0.02385288	-0.05707768	0.009990388	-0.0052908636
0.2885051	-0.18169583	0.26203007	0.21115687	0.2049738	-0.202046	0.23050916	-0.17160305
0.46729672	-0.34657443	0.36153343	0.3369117	0.38321805	-0.40107825	0.34383854	-0.31691274
0.43463063	-0.47680616	0.47854832	0.44764653	0.49743792	-0.39404613	0.42090115	-0.4555615
0.25168645	-0.2528022	0.20826611	0.20913687	0.19294119	-0.28475258	0.20459901	-0.17240028
0.5540398	-0.51626384	0.46860895	0.40623438	0.45051408	-0.41947427	0.49167085	-0.4500542
-0.31233284	0.2970118	-0.2903331	-0.32539505	-0.33304423	0.275681	-0.33535185	0.32710278
0.37449312	-0.33867225	0.20119156	0.20711751	0.27618483	-0.31454587	0.22184479	-0.19457078
0.6847292	-0.6616462	0.5519179	0.53222	0.57480335	-0.6175425	0.62351656	-0.5008458
0.5583662	-0.5388916	0.47390437	0.49032372	0.54613066	-0.5069763	0.4846045	-0.5103939
-0.37124428	0.32902753	-0.3160874	-0.21658657	-0.2969579	0.31147352	-0.26383927	0.27059305
-0.2992349	0.2819278	-0.24261004	-0.21656021	-0.30026925	0.24300978	-0.2635677	0.22031529
0.3653058	-0.36821425	0.3509758	0.32808417	0.3421773	-0.3947944	0.42237902	-0.30550754
0.6146941	-0.54910463	0.49527383	0.418299	0.519492	-0.52975446	0.4886562	-0.4585967
0.14500856	-0.21160068	0.12194442	0.10387472	0.16055965	-0.14565517	0.09961698	-0.15680741
0.2473031	-0.23875201	0.21486516	0.13507147	0.15469556	-0.20000607	0.1528947	-0.16137676
0.49065214	-0.44386145	0.415794	0.35058916	0.42530218	-0.382088	0.4491625	-0.3694998
-0.26775995	0.24902192	-0.27491212	-0.19605236	-0.2843677	0.27980214	-0.25020146	0.28943482
0.29464716	-0.26825175	0.22535647	0.18858646	0.24727476	-0.30055282	0.2371018	-0.26483336
0.33542916	-0.33404934	0.20308085	0.24720183	0.22798686	-0.27007884	0.21750157	-0.17391643
0.1349645	-0.14633784	0.08807515	0.116832465	0.15871255	-0.13345754	0.09647815	-0.13477516
0.25561967	-0.27846545	0.23136967	0.18036807	0.23852244	-0.19645008	0.21864206	-0.17983232
0.29681483	-0.2920964	0.22842875	0.22181086	0.22013658	-0.25183642	0.23627885	-0.17027201
-0.42648157	0.35917327	-0.34401628	-0.29513678	-0.37774825	0.34108612	-0.349248	0.31324688
0.51896673	-0.5793788	0.50166136	0.38746524	0.5469664	-0.48021176	0.50271505	-0.4671936
0.16447586	-0.19729576	0.06819645	0.0935512	0.109121166	-0.11758828	0.16760327	-0.1353103
-0.30795732	0.31966636	-0.3209373	-0.25935975	-0.2815502	0.2545829	-0.28571796	0.24537425
-0.38773024	0.34236896	-0.32059038	-0.23444901	-0.26387602	0.26601785	-0.3067629	0.2652763
-0.38756114	0.35762462	-0.2929096	-0.23286761	-0.32332975	0.29496655	-0.31361055	0.2498063
0.35698202	-0.40986797	0.32769826	0.20662619	0.348198	-0.36885014	0.33291033	-0.28504163
0.53885025	-0.5395942	0.4329481	0.41537446	0.457966	-0.42366785	0.5148976	-0.3939907
-0.14981915	0.08874816	-0.071865216	-0.05087843	-0.070720784	0.10609548	-0.09553567	0.10534455
0.4303493	-0.37663466	0.2798954	0.24157217	0.28787437	-0.3255051	0.32349956	-0.23814158
-0.45978737	0.4832272	-0.51482296	-0.48606414	-0.478934	0.44481096	-0.49850005	0.5163829
-0.29604197	0.28801438	-0.23395114	-0.2535738	-0.23537095	0.2611928	-0.23748252	0.268879
0.018301975	-0.0083158985	-0.0033144467	-0.03293307	-0.019731939	-0.030314839	0.01478659	-0.025556399
